budget,popularity,runtime,vote_average,vote_count,release_year,main_genre
237000000,150.437577,162,7.2,11800,2009,Action
300000000,139.082615,169,6.9,4500,2007,Action
245000000,107.376788,148,6.3,4466,2015,Action
250000000,112.31295,165,7.6,9106,2012,Action
260000000,43.926995,132,6.1,2124,2012,Action
258000000,115.699814,139,5.9,3576,2007,Action
280000000,134.279229,141,7.3,6767,2015,Action
250000000,155.790452,151,5.7,7004,2016,Action
270000000,57.925623,154,5.4,1400,2006,Action
200000000,107.928811,106,6.1,2965,2008,Action
200000000,145.847379,151,7.0,5246,2006,Action
255000000,49.046956,149,5.9,2311,2013,Action
225000000,99.398009,143,6.5,6359,2013,Action
220000000,144.448633,143,7.4,11776,2012,Action
380000000,135.413856,136,6.4,4948,2011,Action
225000000,52.035179,106,6.2,4160,2012,Action
250000000,120.965743,144,7.1,4760,2014,Action
215000000,89.866276,136,6.5,6586,2012,Action
200000000,37.668301,140,6.2,1398,2010,Action
207000000,61.22601,187,6.6,2337,2005,Action
200000000,100.025899,194,7.5,7562,1997,Drama
250000000,198.372395,147,7.1,7241,2016,Action
209000000,64.928382,131,5.5,2114,2012,Action
150000000,418.708552,124,6.5,8662,2015,Action
200000000,93.004993,143,6.9,7604,2012,Action
200000000,35.149586,127,6.7,4321,2004,Action
200000000,77.68208,130,6.8,8806,2013,Action
210000000,3.857526,104,6.3,3525,2006,Action
150000000,21.939663,150,6.0,3138,2009,Action
210000000,116.840296,165,5.8,3095,2014,Action
200000000,89.270217,142,6.5,4179,2014,Action
170000000,73.79505,125,6.3,2841,2010,Action
200000000,49.98659,106,5.8,2033,2011,Comedy
200000000,51.872839,114,5.1,2487,2011,Action
200000000,59.995418,103,7.6,4597,2010,Comedy
200000000,71.862892,115,5.9,2463,2009,Action
190000000,102.322217,137,7.3,4176,2015,Action
200000000,81.834855,116,6.7,5560,2013,Action
250000000,118.078691,131,7.5,6032,2014,Action
190000000,78.291018,132,7.4,4418,2013,Action
195000000,43.349855,114,5.5,2598,2013,Action
105000000,61.196071,143,7.3,3769,2013,Drama
150000000,62.169881,116,6.2,2317,2010,Action
180000000,56.523205,131,6.7,4794,2013,Action
195000000,28.529607,154,6.1,3299,2011,Action
185000000,75.674458,122,5.7,2495,2008,Action
185000000,125.114374,93,6.7,4641,2012,Action
185000000,65.352913,122,6.6,2568,2016,Action
140000000,22.57178,91,6.1,783,2007,Action
200000000,45.274225,158,5.6,4903,2009,Action
200000000,39.744242,96,6.6,1095,2009,Drama
176000003,85.36908,124,5.2,2768,2015,Action
180000000,42.741719,109,5.5,2430,2016,Action
185000000,187.322927,152,8.2,12002,2008,Action
175000000,92.201962,96,7.7,6870,2009,Comedy
140000000,120.725053,126,7.4,8776,2008,Action
170000000,32.319043,126,7.0,2141,2011,Drama
170000000,40.748915,106,5.1,1020,1999,Action
145000000,60.034162,112,5.2,1387,2008,Action
175000000,90.23792,123,5.9,7458,2016,Action
175000000,27.082182,96,5.3,1151,2007,Comedy
178000000,79.456485,113,7.6,4858,2014,Action
175000000,44.640292,135,5.9,992,1995,Action
175000000,32.852443,118,5.6,1962,2009,Action
175000000,128.655964,94,8.0,6560,2015,Comedy
175000000,94.199316,106,6.7,2892,2016,Drama
200000000,77.300194,124,6.6,6849,2010,Action
170000000,77.178973,127,5.8,3118,2012,Drama
180000000,110.620647,97,7.0,4496,2014,Action
170000000,243.791743,130,7.3,4410,2014,Action
27000000,2.418535,109,4.8,34,2015,Action
175000000,41.796339,119,5.9,1326,2013,Action
170000000,72.225265,136,7.6,5764,2014,Action
165000000,44.041186,93,6.0,1959,2010,Comedy
165000000,203.73459,102,7.8,6135,2014,Action
165000000,62.341073,108,7.1,4570,2012,Comedy
165000000,48.775723,120,4.9,2491,2016,Action
200000000,69.405188,109,5.9,2143,2003,Action
170000000,481.098624,121,7.9,9742,2014,Action
165000000,724.247784,169,8.1,10867,2014,Drama
160000000,167.58371,148,8.1,13752,2010,Action
15000000,9.476999,120,6.5,143,2016,Action
250000000,108.849621,169,7.0,8297,2012,Action
38000000,6.909942,106,6.6,3428,2001,Action
150000000,60.269279,166,7.3,3292,2008,Drama
160000000,3.195174,132,7.1,5181,2011,Action
160000000,127.284427,137,6.6,3984,2015,Action
150000000,35.580815,109,5.8,1470,2010,Action
160000000,21.133748,99,5.5,583,2006,Action
160000000,42.986467,93,6.0,2278,2007,Comedy
160000000,63.148529,123,6.3,2268,2016,Action
155000000,202.042635,126,5.8,3631,2015,Action
150000000,25.468493,144,6.6,4040,2007,Action
155000000,39.019229,175,5.6,927,2004,Action
150000000,56.758411,92,6.2,2961,2008,Action
150000000,70.867401,101,6.9,4853,2007,Action
150000000,53.905592,115,6.7,3624,2005,Comedy
150000000,65.677399,111,7.5,4369,2007,Comedy
150000000,115.040024,140,7.5,7359,2005,Action
150000000,81.781591,105,5.9,1971,2009,Action
150000000,5.954334,107,6.2,4021,2009,Action
150000000,73.313918,129,6.4,3096,2003,Action
150000000,70.78591,138,6.7,3443,2003,Action
170000000,99.499595,112,6.8,4755,2013,Action
150000000,434.278564,120,7.2,9427,2015,Action
150000000,86.493424,115,6.6,6525,2011,Action
150000000,41.845878,98,6.3,1750,2008,Comedy
150000000,26.710398,88,5.1,510,2009,Action
150000000,50.306728,113,5.7,2320,2012,Comedy
150000000,114.522237,131,7.1,3224,2015,Action
150000000,21.214571,102,5.5,549,2010,Drama
150000000,29.332905,91,5.7,1171,2007,Comedy
150000000,33.769336,103,4.7,1151,2010,Action
150000000,63.079003,126,6.5,2028,2006,Action
150000000,39.004588,131,6.4,1891,2013,Action
149000000,22.550135,85,6.0,874,2006,Comedy
175000000,66.803149,163,6.9,2759,2004,Drama
140000000,54.159392,133,5.8,1092,2002,Action
144000000,66.21806,116,5.3,2142,2016,Action
140000000,58.485967,151,6.4,2482,1998,Action
140000000,91.332849,88,6.0,3114,2002,Action
70000000,35.601665,115,5.5,841,2007,Action
145000000,56.747978,95,6.7,1603,2016,Action
145000000,77.77477,133,6.8,3972,2011,Action
100000000,25.159168,90,5.9,627,2005,Comedy
140000000,52.341226,154,7.3,1895,2003,Action
140000000,101.599427,150,5.6,1921,2014,Action
150000000,73.616808,127,7.4,4518,2009,Action
139000000,82.502566,121,6.8,5265,2002,Action
145000000,100.21391,102,7.6,3106,2014,Action
135000000,17.88953,121,4.9,331,2005,Action
130000000,64.798873,163,7.0,2811,2009,Action
140000000,24.855701,127,6.3,767,1998,Action
137000000,34.981698,138,5.3,1533,2003,Action
130000000,59.325589,110,5.4,3025,2013,Action
130000000,21.605568,124,5.7,434,2005,Action
137000000,26.074908,106,5.9,433,2001,Action
140000000,74.506246,124,6.6,7047,2011,Action
135000000,39.604363,128,6.0,862,1999,Action
120000000,99.687084,115,6.1,2553,2012,Drama
130000000,17.7735,100,5.8,373,2011,Comedy
150000000,62.898336,114,6.1,3021,2008,Action
135000000,100.635882,156,7.3,6396,2015,Drama
135000000,29.91353,107,6.6,2051,2011,Comedy
132000000,84.366984,92,6.5,1346,2014,Comedy
70000000,45.381501,115,7.3,2888,2007,Action
130000000,84.689648,90,6.9,3145,2008,Comedy
130000000,120.09361,117,7.0,5880,2015,Action
130000000,76.310119,146,7.4,6495,2013,Action
135000000,63.473086,94,6.8,1519,2015,Comedy
130000000,38.068736,147,6.3,1564,2003,Action
130000000,20.678787,90,6.4,451,2011,Action
110000000,48.829437,100,6.2,2093,2010,Action
125000000,46.115758,139,5.6,2350,2014,Drama
130000000,28.840997,165,6.3,694,2008,Drama
130000000,42.840582,100,5.0,2532,2013,Action
127000000,115.597753,97,6.1,1851,2014,Comedy
130000000,68.757242,95,6.7,1918,2010,Action
130000000,39.448066,96,5.4,1260,2013,Action
140000000,271.972889,143,7.5,6985,2003,Action
103000000,42.40024,102,6.3,978,2014,Comedy
110000000,2.871739,133,6.8,3506,2003,Action
125000000,7.255718,130,7.1,2438,2011,Action
125000000,81.499621,129,7.0,3886,2011,Action
125000000,47.686442,106,5.6,2233,2010,Action
65000000,43.129703,113,7.1,1710,1990,Action
160000000,27.220157,102,6.4,510,1999,Action
130000000,90.33681,120,6.0,2651,2012,Action
125000000,50.073575,125,4.2,1418,1997,Action
123000000,45.419668,104,6.2,1386,2000,Comedy
125000000,41.380094,124,6.2,2392,2004,Action
125000000,54.931334,123,5.9,1928,2000,Action
120000000,25.752118,130,6.2,597,2000,Drama
130000000,60.810723,92,5.4,2589,2007,Action
120000000,51.328145,127,7.2,5797,2012,Action
110000000,46.834704,114,5.2,1712,2007,Action
120000000,62.641286,123,5.9,2341,2016,Action
120000000,33.616115,106,5.2,914,2003,Action
120000000,27.990284,78,5.4,613,2002,Comedy
115000000,67.33767,109,6.4,3439,2013,Action
105000000,27.835436,119,6.3,1570,2004,Action
120000000,66.757869,102,5.7,2342,2014,Action
120000000,17.060695,135,5.7,354,2008,Action
120000000,11.137655,121,4.9,223,2010,Comedy
117000000,44.906918,109,5.9,1547,2010,Action
120000000,67.698004,124,6.4,4800,2013,Action
113000000,44.108427,140,7.1,4116,2005,Action
120000000,43.987061,142,6.4,3992,2002,Action
115000000,106.815545,92,7.5,5996,2001,Comedy
120000000,15.953444,126,6.3,4053,2013,Action
115000000,54.035265,136,6.3,4432,1999,Action
135000000,64.183321,98,6.8,2399,2013,Comedy
97250400,20.344364,116,5.0,471,2008,Comedy
115000000,18.714197,134,5.8,341,2002,Action
115000000,60.467984,114,6.0,1523,2016,Action
125000000,143.350376,101,5.8,2636,2014,Action
105000000,110.153618,91,7.3,5751,2013,Drama
116000000,16.90444,108,5.7,428,1997,Action
135000000,39.873791,112,5.8,963,2016,Action
120000000,38.126095,100,4.4,2278,2015,Action
110000000,48.780039,108,6.3,2862,2006,Action
110000000,100.412364,114,6.0,2968,2015,Action
110000000,42.887121,119,6.0,925,1997,Action
110000000,23.657284,165,6.8,1099,2000,Action
110000000,44.635452,120,6.5,2965,2005,Action
116000000,45.616098,170,7.0,1489,2004,Drama
112000000,22.845143,85,4.9,621,2010,Comedy
120000000,31.703608,119,5.5,1251,2011,Action
110000000,71.510596,102,6.1,2397,2014,Action
110000000,36.65422,103,5.5,1179,2011,Comedy
110000000,37.195046,127,6.6,2692,2011,Action
105000000,32.473628,105,5.5,695,2013,Comedy
160000000,23.336875,121,4.1,434,1997,Action
110000000,45.94834,114,6.6,2303,2013,Action
110000000,48.93337,128,6.4,2089,2007,Action
93000000,138.049577,178,8.0,8705,2001,Action
110000000,22.643776,120,5.7,672,2004,Action
107000000,18.866672,157,6.7,447,2001,Drama
0,18.251129,82,4.9,366,2003,Comedy
120000000,95.914473,115,6.7,3793,2004,Action
130000000,44.490453,144,6.6,1157,2005,Action
133000000,30.475297,84,5.8,959,1999,Comedy
108000000,167.93287,141,7.6,7268,2015,Drama
126000000,37.68056,136,6.5,1770,2005,Action
90000000,1.004579,104,3.7,16,2001,Comedy
90000000,52.995628,118,6.1,1485,2000,Action
103000000,95.301296,155,7.9,5439,2000,Action
102000000,65.948959,145,7.1,2608,2002,Action
150000000,88.935165,144,7.3,3855,2006,Action
100000000,51.188633,119,5.6,1243,2001,Action
100000000,101.74155,137,7.7,4185,1991,Action
80000000,33.691694,140,6.5,1344,2009,Drama
100000000,42.361215,157,7.4,1502,2007,Drama
115000000,38.729418,141,6.8,1116,1994,Action
100000000,40.597856,106,6.2,954,2009,Drama
100000000,32.389353,98,5.4,1060,2010,Comedy
100000000,24.399642,107,6.1,1383,2010,Action
100000000,24.507987,115,5.6,543,1996,Action
100000000,82.121691,165,7.8,10099,2012,Drama
100000000,46.727941,91,6.8,1129,1996,Drama
100000000,51.113717,78,7.2,1490,2000,Comedy
100000000,53.732892,103,6.1,2896,2012,Action
100000000,58.849256,131,6.4,1926,2004,Action
100000000,30.863434,104,4.9,967,2006,Action
100000000,41.426678,103,6.0,1699,2010,Action
100000000,20.652943,121,5.5,482,1999,Action
100000000,52.792678,143,7.3,2281,2006,Action
100000000,95.007934,180,7.9,6571,2013,Comedy
100000000,48.205606,121,5.2,1498,1995,Action
105000000,58.782359,129,6.7,1560,1997,Action
102000000,73.872343,172,6.6,2977,2012,Drama
100000000,32.271938,104,4.2,808,2004,Action
100000000,76.842247,99,5.6,1680,2014,Action
100000000,19.38841,102,5.3,381,2009,Comedy
90000000,61.025639,127,6.1,1795,2014,Action
105000000,33.507289,114,5.5,783,2015,Action
84000000,17.815595,94,3.6,338,2005,Comedy
100000000,50.767332,122,6.5,1276,2015,Action
100000000,12.092241,95,4.4,142,2002,Action
100000000,30.254021,115,6.4,717,2010,Action
10000000,3.091077,110,7.1,73,1997,Drama
98000000,41.862983,130,6.0,2206,2001,Action
100000000,46.160048,167,7.1,1910,2002,Drama
94000000,12.516546,145,7.1,187,2011,Drama
85000000,23.230851,85,5.9,601,2007,Comedy
90000000,19.224754,93,5.4,334,2004,Action
92000000,44.455166,144,7.2,1811,2001,Action
0,16.460356,85,5.6,578,2012,Comedy
90000000,109.528572,126,7.3,3885,1997,Action
100000000,18.325897,146,5.4,426,2010,Comedy
95000000,37.054554,89,7.0,858,2000,Comedy
95000000,65.229868,88,6.2,2672,2012,Comedy
95000000,101.187052,105,6.7,2374,2015,Drama
65000000,29.257137,136,6.6,1065,2009,Drama
94000000,123.630332,201,8.1,8064,2003,Action
79000000,106.914973,179,8.0,7487,2002,Action
115000000,41.498631,100,5.7,2192,2001,Action
100000000,58.991388,119,5.9,2295,2014,Drama
93000000,1.859364,92,5.7,2077,2001,Action
93000000,138.433168,105,7.0,4347,2011,Action
92000000,65.402595,98,5.2,3493,2013,Action
92000000,77.817571,115,7.4,5152,2004,Action
98000000,7.029308,119,5.7,136,1995,Action
90000000,104.121555,98,6.9,4412,1997,Action
90000000,73.575118,92,7.3,3806,1999,Comedy
100000000,37.698465,98,6.3,1165,2010,Action
90000000,35.814765,90,6.4,1054,2001,Action
100000000,15.835672,130,6.3,488,2000,Drama
100000000,46.781182,90,6.5,1747,2009,Comedy
90000000,69.457898,94,6.5,2271,2009,Comedy
90000000,43.348022,114,7.0,3144,2013,Comedy
92000000,40.20395,98,5.6,1232,2000,Action
90000000,63.429157,151,7.9,4339,2006,Drama
92000000,43.192048,107,6.5,1667,2008,Action
90000000,47.651083,158,7.2,2434,2011,Drama
90000000,51.881077,128,6.9,2066,1995,Action
90000000,57.834787,128,7.0,5766,2009,Action
100000000,29.608322,125,5.3,621,2016,Drama
0,27.867368,92,5.8,428,2015,Comedy
75000000,38.832842,121,6.7,1173,2008,Drama
90000000,40.597344,113,5.5,1048,2008,Action
88000000,140.849495,105,5.6,2513,2015,Action
100000000,34.035114,146,6.8,1974,2001,Drama
90000000,16.302378,99,5.2,466,2003,Comedy
90000000,55.249434,150,7.2,1308,1997,Drama
95000000,28.200874,112,5.6,634,2000,Action
95000000,56.811056,117,5.5,1418,2003,Action
90000000,51.535701,129,6.7,3235,2016,Action
68000000,20.913852,116,5.9,302,1997,Action
92000000,27.166757,126,6.8,579,2001,Action
90000000,46.200042,96,6.5,2166,2011,Comedy
100000000,24.939295,131,6.9,963,1999,Comedy
90000000,19.836124,104,5.2,376,1997,Action
90000000,15.350451,107,5.9,290,1997,Drama
100000000,15.625949,138,6.1,264,2002,Drama
20000000,31.802807,129,6.6,650,1982,Action
88000000,24.100863,144,7.3,616,2005,Drama
90000000,3.593349,110,5.4,50,2010,Action
87000000,14.824166,141,6.7,216,2003,Drama
92000000,32.079995,113,6.1,950,1996,Action
90000000,57.739713,143,7.5,3218,2000,Drama
100000000,37.272385,108,5.9,1410,2006,Comedy
75000000,53.213931,108,7.2,2825,2004,Action
85000000,36.38795,124,6.2,840,1997,Action
75000000,36.605246,110,5.6,924,2011,Action
85000000,56.257411,91,6.8,2566,2012,Comedy
85000000,29.21998,107,6.6,1449,2007,Comedy
85000000,34.773106,115,6.3,1345,2012,Action
85000000,9.895061,100,5.1,313,2000,Comedy
75000000,36.743324,104,5.8,932,2011,Action
85000000,44.967453,136,6.7,1225,2006,Comedy
90000000,41.207568,132,6.7,1240,1998,Action
85000000,16.479851,121,6.2,360,2009,Comedy
85000000,80.316463,139,6.9,4663,2014,Action
85000000,24.107835,104,6.4,514,2003,Action
85000000,32.044191,130,6.1,712,1993,Action
85000000,16.595874,145,7.3,652,2005,Drama
85000000,8.282876,104,6.1,1705,2006,Action
0,19.83683,97,6.7,333,2011,Comedy
90000000,36.069611,178,6.9,1147,1998,Drama
85000000,18.827753,108,5.5,427,2002,Action
0,5.159407,123,7.3,85,1979,Drama
85000000,48.126297,106,5.5,1114,2012,Comedy
60000000,38.885195,112,7.2,2126,2010,Action
60000000,29.211255,136,5.4,516,2003,Action
84000000,17.783361,106,4.7,332,2000,Comedy
84000000,31.435539,88,5.4,820,2002,Comedy
50000000,57.673932,95,6.6,1940,2012,Action
82500000,41.176631,107,6.0,2104,2006,Comedy
8000000,13.661289,120,6.7,226,1982,Comedy
85000000,11.77398,82,4.9,119,2010,Comedy
65000000,51.970905,157,7.3,2023,2007,Drama
80000000,109.684788,101,6.4,3012,2003,Comedy
80000000,77.580661,103,6.0,2926,2010,Action
80000000,75.290998,110,6.7,2631,1996,Action
80000000,58.040149,102,6.2,3739,2011,Comedy
80000000,59.113174,126,6.6,1673,1992,Action
80000000,36.32705,83,6.3,1074,2006,Comedy
85000000,14.132583,97,5.8,288,2006,Comedy
75000000,34.070054,120,5.9,855,1998,Action
84000000,44.34333,116,6.4,1526,2013,Action
82000000,26.065735,113,6.2,785,2005,Comedy
75000000,23.473004,87,5.4,484,2011,Comedy
80000000,45.589568,100,5.8,1155,2013,Comedy
80000000,23.496054,110,6.0,1051,2008,Action
80000000,16.939441,128,6.3,410,2003,Comedy
80000000,81.914696,138,7.8,6336,2010,Drama
80000000,19.500893,88,5.3,331,2008,Comedy
75000000,29.558157,91,6.0,1333,2005,Comedy
80000000,46.075037,138,6.8,1583,1997,Action
80000000,23.531721,99,5.9,901,2008,Comedy
80000000,49.078546,117,7.3,1077,2002,Drama
80000000,37.02665,117,6.3,1543,2011,Comedy
75000000,45.154631,115,6.5,1270,1997,Action
80000000,46.887983,118,6.3,1018,2008,Action
79000000,24.598479,154,6.7,533,2003,Drama
80000000,32.363538,118,6.6,2164,2010,Action
80000000,11.50396,93,5.3,695,1997,Comedy
80000000,36.125715,88,6.5,1288,1996,Comedy
0,25.450534,93,5.6,550,2006,Action
80000000,41.890722,104,5.2,1043,2008,Drama
75000000,22.179658,135,6.5,431,1997,Action
68000000,139.575085,135,7.4,3946,2014,Action
70000000,18.264635,98,5.6,332,1998,Action
80000000,11.187696,80,5.2,220,2010,Comedy
80000000,41.670544,83,7.4,831,2002,Comedy
80000000,27.46264,102,5.3,498,2011,Comedy
80000000,21.394281,129,6.2,393,2004,Drama
0,0.605645,117,8.0,1,1998,Drama
80000000,61.692197,89,6.7,1497,2015,Comedy
80000000,25.978555,96,5.8,631,2002,Action
90000000,6.643778,114,5.9,208,1998,Action
102000000,36.788745,99,6.1,932,2001,Action
75000000,31.054334,129,5.9,893,2005,Action
85000000,21.891078,113,6.8,577,1998,Drama
85000000,18.335992,90,5.2,438,2000,Comedy
88000000,40.138009,118,5.6,818,2005,Action
70000000,44.090535,106,6.1,1509,1996,Comedy
0,3.300061,81,6.4,47,2015,Drama
0,20.632673,117,6.7,349,1997,Action
80000000,36.664991,89,5.9,1195,2009,Action
80000000,18.26121,145,6.9,189,2000,Drama
80000000,16.681269,115,5.8,378,1996,Action
44000000,7.89147,118,3.0,255,2000,Action
80000000,16.715631,90,5.6,297,2003,Comedy
80000000,9.357734,112,5.1,165,2009,Drama
80000000,11.22268,116,5.4,318,2003,Action
80000000,14.564667,177,6.1,299,1997,Drama
90000000,11.356079,92,5.2,305,1998,Comedy
90000000,52.612025,106,5.7,1316,2015,Action
80000000,13.800656,106,5.4,267,2000,Action
80000000,7.342892,110,4.8,111,2005,Action
130000000,50.561849,105,5.2,1267,2014,Action
8000000,0.719996,89,5.3,9,2015,Comedy
60000000,59.248437,135,7.7,3009,2001,Drama
45000000,90.457886,89,8.0,5376,1994,Drama
79000000,40.723459,94,5.8,1030,2012,Action
78000000,41.247402,95,6.4,915,2013,Comedy
79000000,22.132418,91,4.1,604,2011,Comedy
76000000,10.520961,107,6.2,2028,2003,Action
76000000,8.981427,88,3.9,87,2000,Action
78000000,47.436675,110,5.7,1155,2003,Action
76000000,136.886704,98,7.0,4637,2013,Comedy
75000000,60.442593,145,6.7,3260,1996,Action
73000000,2.502487,129,6.2,2487,1997,Action
76000000,35.387874,109,7.4,2071,2006,Action
75000000,4.66891,104,6.8,4097,2000,Action
75000000,73.82289,110,6.4,2528,2008,Action
75000000,51.469576,136,6.9,1456,1996,Action
80000000,85.115058,91,6.5,2951,2006,Comedy
75000000,61.437586,99,6.6,2105,2004,Comedy
50000000,31.160542,117,6.5,709,2007,Comedy
75000000,17.561955,78,4.3,318,1999,Action
80000000,38.864027,102,6.0,1705,2010,Comedy
60000000,57.753914,128,7.0,1910,2004,Comedy
35000000,13.25753,100,5.7,202,2009,Comedy
75000000,13.318744,124,5.9,283,2000,Action
75000000,18.70031,102,6.5,338,2007,Comedy
75000000,47.094369,90,5.8,1557,2004,Action
70000000,14.486311,134,6.6,284,2006,Drama
53000000,18.61472,118,5.4,292,2005,Comedy
70000000,29.035222,164,6.9,696,2005,Action
70000000,27.055085,121,6.4,573,2003,Action
75000000,23.004607,100,5.7,772,2010,Action
75000000,48.744209,116,7.1,2265,2015,Action
80000000,14.209329,130,5.8,369,2004,Comedy
75000000,36.368839,91,6.3,874,2006,Comedy
75000000,24.353302,123,6.2,302,2001,Action
55000000,19.143321,134,5.9,311,1995,Action
75000000,13.327372,148,6.4,197,1999,Drama
75000000,37.917002,110,5.7,880,2011,Action
52000000,23.663713,113,6.2,512,2005,Drama
75000000,14.44381,94,6.3,313,2000,Action
75000000,10.605084,116,5.0,166,2003,Action
75000000,11.873856,99,6.1,221,1998,Action
0,12.708963,84,5.8,282,2009,Action
75000000,8.098369,93,4.3,78,2001,Action
45000000,20.374308,113,5.7,276,2004,Action
75000000,42.006908,106,6.9,1946,2000,Drama
74000000,875.581305,91,6.4,4571,2015,Comedy
82000000,39.127082,110,5.9,1623,2011,Action
70000000,21.789615,112,5.4,444,2008,Comedy
75000000,20.199057,146,5.7,390,2009,Comedy
70000000,26.123705,110,6.5,513,2007,Action
72500000,12.599836,116,6.2,491,2006,Comedy
70000000,13.543053,87,4.9,410,2001,Comedy
72000000,60.722162,177,7.7,3336,1995,Action
72000000,32.227223,125,6.6,765,2005,Drama
75000000,46.875375,87,6.9,2264,2007,Comedy
72000000,11.215702,152,6.6,188,2001,Drama
94000000,8.468586,116,4.5,179,2001,Action
74500000,8.884318,109,6.9,180,2004,Drama
60000000,27.491891,108,6.2,1071,2004,Drama
71000000,21.462935,85,5.4,686,1998,Comedy
72000000,28.848187,106,6.4,1599,2002,Drama
150000000,47.320801,93,6.7,2988,2004,Comedy
120000000,82.643036,117,6.6,3877,2006,Comedy
70000000,20.230535,116,5.7,455,1999,Comedy
70000000,46.217769,124,5.8,1424,2002,Action
74000000,36.952268,93,5.8,719,2015,Comedy
80000000,16.411345,117,6.4,470,1996,Action
70000000,72.595961,153,7.9,6430,2009,Action
70000000,33.648404,144,6.6,1532,1991,Comedy
70000000,57.69847,124,6.6,1896,1990,Action
80000000,34.052253,117,5.8,770,2003,Action
68000000,27.299301,136,6.5,1078,2001,Drama
75000000,20.219385,110,5.3,409,2006,Drama
70000000,42.957216,101,5.5,1217,2004,Action
75000000,29.412262,88,5.4,666,2009,Comedy
75000000,19.708731,138,6.7,521,2002,Action
70000000,59.428223,120,6.2,2981,2013,Action
70000000,19.711951,103,6.3,391,1998,Action
70000000,49.199234,116,5.5,1448,2011,Action
70000000,46.199482,125,7.6,1994,2003,Drama
66000000,29.505574,146,7.0,992,2011,Drama
70000000,43.873266,118,5.8,1523,2014,Action
70000000,24.961625,139,7.1,808,1989,Action
70000000,23.25645,133,5.8,493,2010,Drama
70000000,64.457947,92,6.2,2389,2014,Action
70000000,20.089933,116,6.0,352,1998,Action
70000000,16.92991,136,7.0,630,1997,Drama
70000000,14.780634,111,5.2,304,2011,Comedy
70000000,14.086292,116,5.4,228,2002,Action
60000000,29.261348,105,5.0,609,2005,Action
70000000,13.267631,97,5.2,269,2002,Action
70000000,58.401204,88,6.1,1862,2012,Action
75000000,23.515938,123,6.0,385,2012,Comedy
70000000,14.244518,125,5.9,241,2002,Drama
66000000,29.501489,116,6.1,695,2011,Action
0,9.306253,98,3.4,106,2002,Action
70000000,8.37378,91,4.3,97,2002,Action
75000000,10.54544,95,5.9,228,2001,Action
70000000,46.832372,133,5.1,826,2015,Drama
70000000,24.664776,107,5.7,439,2004,Action
50000000,44.478043,115,6.7,1659,2013,Action
70000000,25.020428,99,4.4,533,2014,Action
68000000,22.392544,124,5.9,437,2002,Action
68000000,107.069763,124,5.8,2301,2010,Drama
68000000,22.572323,124,6.7,423,2001,Action
60000000,10.004564,103,5.4,222,1995,Action
68000000,68.734513,115,6.2,2463,2015,Comedy
70000000,18.888806,127,6.9,395,2009,Drama
68000000,12.948627,121,5.7,250,1999,Action
36000000,27.11589,105,5.4,611,2011,Comedy
90000000,26.153669,157,7.3,481,1999,Drama
80000000,28.223664,114,6.3,588,2016,Action
70000000,37.507136,128,6.5,895,2008,Action
69000000,11.023691,114,5.5,531,2010,Comedy
69000000,38.634767,94,5.5,1269,2012,Action
66000000,25.877794,112,6.0,602,1999,Drama
67000000,12.282911,102,5.0,207,2007,Action
70000000,76.041867,169,7.9,5048,1998,Drama
66000000,54.81489,130,6.1,1520,2014,Action
70000000,31.39165,127,6.1,992,2000,Comedy
59000000,99.561972,81,7.1,3857,2002,Comedy
68000000,26.792794,136,5.3,567,2003,Drama
65000000,36.307296,149,6.7,1429,2012,Drama
63000000,104.309993,136,7.9,8907,1999,Action
52000000,68.140214,140,7.3,1599,1995,Drama
65000000,14.646884,104,5.5,297,2002,Comedy
61000000,48.356214,157,7.1,1884,2012,Drama
65000000,28.540267,119,6.3,838,1998,Comedy
65000000,22.977983,98,6.5,1062,2008,Comedy
95000000,31.086791,136,6.3,1183,1998,Action
65000000,43.865294,95,6.2,1685,2010,Comedy
65000000,43.055253,137,7.3,1400,2014,Drama
65000000,15.772081,130,6.3,403,2000,Action
70000000,26.19909,112,6.1,588,1993,Action
50000000,22.769108,108,5.7,453,1996,Action
65000000,18.281798,104,6.0,238,2000,Comedy
63000000,24.697533,128,5.9,447,2006,Drama
65000000,19.718544,117,6.5,393,2003,Drama
65000000,31.349143,83,5.9,1743,2012,Comedy
65000000,27.870312,159,7.1,1234,1999,Drama
65000000,33.439187,119,6.0,466,2014,Comedy
50100000,59.634029,105,6.7,2542,2015,Comedy
65000000,38.994297,103,5.9,1389,2012,Action
65000000,49.660055,123,5.7,1252,2004,Action
4200000,11.743085,114,6.4,215,1984,Action
65000000,9.110247,143,6.1,94,1998,Comedy
65000000,6.227675,95,5.6,1600,2012,Action
45000000,42.57877,105,6.0,1175,2008,Action
65000000,15.858629,120,6.5,314,1996,Action
65000000,14.866901,135,6.0,208,2000,Action
63000000,146.757391,139,8.3,9413,1999,Drama
65000000,8.629665,124,6.7,186,2006,Drama
65000000,16.803457,100,5.4,269,1991,Action
65000000,2.952595,105,4.9,52,2000,Action
50000000,20.415572,130,6.7,274,2005,Drama
43000000,28.613892,97,4.8,575,2005,Action
64000000,4.137237,133,5.3,63,1999,Drama
55000000,60.246978,121,6.7,1772,2015,Drama
50000000,42.551902,147,7.1,1165,2006,Drama
63000000,40.137264,94,5.9,979,2002,Comedy
65000000,24.857079,94,6.1,409,2009,Action
63000000,13.859307,191,6.5,202,1994,Action
62000000,18.832471,141,6.4,386,1994,Action
65000000,9.568884,127,5.9,145,2015,Action
64000000,12.421504,98,5.3,261,2006,Comedy
62000000,18.096884,116,6.1,340,2000,Action
62000000,11.056763,106,6.5,195,1995,Comedy
62000000,13.218008,87,4.3,242,2008,Comedy
62000000,11.262655,125,5.8,178,2001,Action
44000000,68.717016,167,7.6,4274,2015,Drama
53000000,19.412028,93,5.9,569,2007,Action
63000000,16.791058,95,5.5,331,2011,Comedy
65000000,65.197968,117,7.0,4997,2006,Action
80000000,32.829538,115,6.1,1373,2004,Comedy
60000000,30.951203,115,6.9,1343,2008,Comedy
60000000,103.698022,189,8.2,4048,1999,Drama
0,31.719463,100,5.6,648,2007,Action
150000000,47.973995,81,5.6,944,2005,Comedy
61000000,143.041543,145,7.9,5862,2014,Drama
60000000,86.476817,119,7.3,3583,2002,Action
58000000,59.824565,130,6.6,1174,1995,Action
60000000,18.345613,116,6.1,205,1999,Drama
60000000,56.488027,103,7.8,4537,1998,Comedy
70000000,29.464852,99,6.8,817,1998,Drama
60000000,18.106021,92,5.6,506,2003,Comedy
61000000,42.881415,109,6.6,1589,2013,Action
60000000,18.735024,87,5.0,352,2001,Comedy
60000000,62.766854,110,6.6,1919,2003,Action
60000000,24.153567,101,5.9,487,2002,Comedy
60000000,41.515702,83,6.0,1272,1998,Comedy
70000000,26.676487,113,5.3,588,2009,Comedy
60000000,18.831023,94,5.7,526,2005,Comedy
61000000,113.161483,132,6.4,3040,2015,Action
60000000,28.800112,133,5.8,636,2010,Drama
60000000,19.705489,125,6.5,521,2000,Comedy
58000000,41.430245,111,6.6,2808,2010,Action
55000000,23.127561,163,6.8,422,1999,Drama
60000000,12.867352,170,6.7,292,1998,Drama
65000000,44.815022,120,7.0,1451,2004,Drama
60000000,37.537093,92,5.3,779,2002,Action
60000000,10.99991,115,6.2,207,2004,Action
60000000,56.868399,130,6.3,2998,2012,Drama
60000000,22.991269,105,5.6,604,1999,Action
60000000,38.820858,106,6.2,1325,2011,Drama
0,10.292864,89,4.3,203,2003,Comedy
70000000,45.299089,146,7.3,1553,2004,Action
50000000,4.280619,98,4.5,137,2006,Comedy
60000000,28.848842,101,5.6,644,2004,Comedy
60000000,22.501041,89,5.5,575,1996,Comedy
66000000,47.479755,122,6.5,2225,2004,Action
70000000,10.147321,115,6.1,109,1998,Drama
60000000,39.539045,90,6.7,789,2012,Comedy
60000000,19.747459,124,6.1,527,1997,Action
60000000,29.018826,119,5.9,581,2003,Action
60000000,4.801849,119,5.9,50,1996,Drama
0,21.549232,98,5.3,483,2002,Action
60000000,13.080725,100,5.6,210,1995,Action
60000000,42.538258,105,5.9,1173,2014,Action
60000000,29.876507,124,6.4,1581,2015,Comedy
60000000,61.849521,99,5.8,1621,2016,Action
70000000,37.44963,109,5.9,1365,1997,Action
61000000,37.378081,124,6.9,1462,2007,Action
60000000,30.656345,97,6.6,668,2014,Comedy
75000000,15.142701,104,6.3,338,1998,Comedy
60000000,59.547928,100,7.5,3070,2014,Comedy
0,19.998581,115,5.3,425,2005,Action
60000000,27.615108,101,6.0,669,2002,Action
60000000,29.041198,113,6.2,1778,2013,Action
60000000,25.293538,97,4.6,524,2009,Comedy
60000000,23.85119,134,7.0,1125,2009,Drama
60000000,21.685719,127,6.7,484,2009,Action
78146652,13.630049,125,5.7,201,2009,Comedy
65000000,6.80692,94,5.1,80,1999,Comedy
60000000,15.352807,108,5.8,225,2006,Action
70000000,23.661071,91,5.6,556,2009,Comedy
60000000,21.605533,117,6.1,479,2002,Action
60000000,22.620125,100,5.8,391,2003,Comedy
0,18.587114,111,6.6,366,2012,Drama
80000000,24.657931,117,6.2,487,2010,Drama
60000000,21.08952,96,5.7,380,2002,Comedy
60000000,18.380176,101,5.9,375,2008,Action
60000000,18.877795,111,6.0,368,1998,Action
60000000,17.299333,109,6.6,234,2009,Drama
80000000,16.848899,126,6.3,251,2000,Drama
60000000,21.547446,122,7.4,797,2000,Drama
0,16.930969,78,5.1,464,2006,Comedy
60000000,36.689223,101,4.7,549,2005,Action
60000000,28.350927,87,5.4,692,2011,Action
60000000,8.927137,104,6.1,204,2002,Drama
50000000,15.213484,121,5.7,287,2006,Drama
60000000,13.155999,140,6.3,271,2006,Action
72000000,15.433244,131,7.0,285,2001,Action
60000000,22.736038,118,6.0,487,2014,Drama
60000000,45.514031,130,6.2,1602,2013,Action
60000000,18.676291,90,5.0,371,2008,Comedy
30000000,14.376463,105,5.3,274,2005,Drama
80000000,14.298297,122,5.7,166,1999,Comedy
60000000,14.84856,103,4.7,320,2008,Action
60000000,52.417529,106,5.4,1055,2015,Comedy
60000000,15.406173,127,4.1,224,2007,Action
35000000,6.523472,127,6.7,110,2003,Drama
68490000,4.72629,120,6.0,24,2016,Action
80000000,8.923215,132,6.8,91,2005,Action
58000000,514.569956,108,7.4,10995,2016,Action
60000000,9.265672,114,4.9,111,1998,Comedy
58800000,87.53437,133,7.4,4469,2014,Action
58000000,45.351617,103,6.2,995,2015,Comedy
58000000,13.43573,95,6.5,579,2005,Comedy
83000000,6.248309,90,4.4,134,2000,Comedy
63000000,31.294717,102,5.7,690,1988,Action
58000000,7.739276,114,5.7,130,2008,Comedy
60000000,19.694695,119,4.9,388,2015,Comedy
58000000,14.403696,103,5.1,276,2009,Comedy
58000000,1.551497,119,6.1,1658,2013,Comedy
60000000,2.143764,97,5.8,1363,2010,Action
58000000,12.29603,125,5.9,178,2012,Action
57000000,33.8473,144,7.2,1374,1997,Drama
70000000,21.723897,116,5.5,453,2012,Comedy
60000000,14.113066,97,6.0,226,2004,Action
57000000,48.622278,95,4.7,1135,2011,Action
57000000,9.061866,131,5.5,145,2001,Drama
56000000,35.4763,95,5.8,842,2005,Action
56000000,23.438398,86,6.0,381,2004,Action
55000000,138.133331,142,8.2,7927,1994,Comedy
60000000,47.336034,92,5.5,1177,2007,Comedy
55000000,29.97224,108,6.6,1698,2000,Comedy
55000000,47.845589,81,6.7,1457,1995,Drama
55000000,48.507081,143,6.9,1022,1978,Action
54000000,20.28119,95,5.4,702,1996,Comedy
70000000,34.576913,118,6.4,1665,2005,Comedy
55000000,22.573237,92,5.4,496,1997,Comedy
55000000,36.194802,103,6.0,1129,2003,Comedy
55000000,52.786917,134,7.6,2454,2013,Action
55000000,38.06168,97,5.9,1122,2010,Comedy
50000000,19.830132,100,6.0,1019,1995,Comedy
55000000,79.922059,132,7.1,2954,2014,Action
55000000,19.738215,105,5.6,485,2002,Comedy
53000000,20.334629,116,7.0,498,1995,Action
55000000,80.581367,117,7.7,2525,2006,Drama
55000000,32.05145,98,6.1,772,2005,Drama
55000000,15.064058,123,5.9,210,1994,Drama
55000000,21.272734,114,6.4,529,1998,Drama
30000000,79.754966,111,7.7,4949,2003,Action
55000000,13.191829,97,6.0,254,1999,Comedy
30000000,50.622607,136,7.6,3948,2004,Action
55000000,22.787667,104,6.1,458,1989,Action
55000000,29.498304,104,6.3,636,1992,Comedy
55000000,25.400935,110,6.2,735,2000,Action
55000000,17.231675,133,5.8,256,1996,Action
55000000,32.835777,94,5.7,751,2011,Comedy
55000000,17.097041,104,6.3,461,2008,Action
55000000,14.414937,91,5.7,254,2013,Comedy
50000000,45.856409,114,6.2,1633,1992,Action
55000000,7.027139,134,5.9,120,1996,Drama
55000000,32.657488,122,6.7,658,1998,Action
55000000,39.882276,95,7.0,883,2014,Comedy
68000000,39.395881,98,5.3,881,2012,Comedy
55000000,8.634954,94,6.0,189,2003,Action
80000000,7.386394,126,6.2,146,1999,Drama
55000000,8.802525,118,5.1,188,2003,Comedy
0,10.449975,91,5.4,251,2008,Comedy
60000000,23.700759,88,6.4,374,2012,Comedy
55000000,27.50916,141,7.3,1131,2008,Drama
50000000,20.58862,107,5.3,284,1996,Action
55000000,4.366488,116,5.7,194,1996,Drama
70000000,18.927463,143,7.0,438,2004,Drama
55000000,15.274137,114,6.6,303,2007,Drama
62000000,29.954302,93,5.4,703,2005,Action
56000000,4.362535,214,6.1,48,2003,Drama
55000000,4.700024,100,5.2,62,1997,Action
55000000,12.340384,107,5.7,134,2009,Comedy
50000000,14.808304,112,6.2,316,2014,Comedy
57000000,9.27875,95,4.2,91,2004,Action
55000000,22.863516,119,6.9,573,2010,Drama
47000000,23.05451,133,7.1,346,2004,Drama
2000000,23.962109,153,7.3,395,1962,Drama
55000000,12.669778,96,5.3,123,2002,Action
54000000,67.169587,117,6.2,1528,2002,Action
55000000,41.472404,123,7.5,2039,2008,Drama
55000000,22.503935,92,5.2,481,2013,Action
54000000,59.194915,162,7.1,1546,1990,Drama
57000000,22.894898,123,6.1,327,2005,Comedy
54000000,18.600367,108,5.4,407,2006,Comedy
54000000,30.515175,127,6.5,629,1980,Action
54000000,9.053456,121,3.5,104,2003,Drama
55000000,7.768223,125,5.7,95,2006,Drama
46000000,19.643365,99,5.5,308,2000,Action
52500000,57.374341,127,7.4,1300,2001,Drama
53000000,46.049902,122,6.3,1242,2015,Drama
90000000,23.9366,132,6.7,526,2006,Drama
53000000,49.593978,109,7.2,1486,2009,Drama
67000000,16.637642,191,6.8,459,2007,Action
0,1.453765,172,5.9,26,1998,Drama
0,6.162872,124,5.4,81,2007,Drama
52000000,73.944049,141,7.7,3795,2002,Drama
40000000,38.306954,157,6.7,1702,2012,Drama
52000000,26.251217,106,5.6,832,2006,Comedy
52000000,30.780599,108,6.4,1386,2008,Comedy
52000000,25.41929,125,5.7,1013,2010,Comedy
50000000,15.98212,104,5.1,316,2005,Action
52000000,40.072583,170,7.2,771,1998,Drama
52000000,32.015477,112,5.9,736,2011,Comedy
82000000,24.444186,118,6.9,435,1999,Comedy
52000000,40.06688,178,7.8,1307,1995,Drama
52000000,27.916284,92,6.1,675,2010,Action
52000000,15.20707,104,5.1,278,2003,Action
51000000,39.001682,116,6.1,927,2000,Comedy
51000000,10.430832,90,5.3,225,2006,Comedy
0,5.952527,93,5.1,109,2006,Comedy
50000000,94.815867,130,5.6,2436,2009,Drama
60000000,67.298732,90,7.3,4056,2001,Comedy
50000000,27.039636,139,6.7,913,1996,Comedy
50000000,68.87691,106,6.3,4697,2012,Comedy
50000000,37.885022,139,7.2,915,1997,Comedy
50000000,35.537397,115,7.0,832,1998,Comedy
50000000,38.125008,119,6.0,923,2013,Comedy
50000000,18.121404,96,5.6,644,2002,Comedy
52000000,30.347332,131,7.1,716,2000,Drama
50000000,23.854701,116,6.3,850,2003,Comedy
50000000,52.380982,112,7.0,3319,2014,Action
70000000,43.849351,104,6.4,1813,2008,Comedy
50000000,45.318703,107,6.2,1650,2016,Action
0,16.368283,124,6.9,277,1998,Drama
50000000,38.616744,96,5.8,854,2015,Comedy
50000000,65.90161,125,5.6,1652,2014,Comedy
45000000,45.220386,129,7.3,1630,2006,Drama
90000000,17.457947,100,6.7,548,1999,Action
50000000,10.755847,109,5.0,213,1995,Action
50000000,38.629763,124,6.5,909,2011,Comedy
50000000,32.693093,121,5.9,1486,2009,Action
50000000,18.806031,97,5.5,399,2006,Comedy
50000000,32.233713,110,5.4,632,2005,Drama
50000000,37.990705,118,7.0,2443,2011,Comedy
50000000,17.667826,80,5.2,820,2004,Comedy
60000000,9.225166,99,5.2,193,2004,Comedy
50000000,46.180421,133,7.0,1381,2011,Drama
50000000,30.397496,127,6.3,513,1995,Action
50000000,83.295796,106,6.8,2268,2014,Action
50000000,23.935053,98,5.5,509,2009,Action
54000000,84.630969,132,7.7,4442,2006,Action
50000000,16.251204,115,6.0,692,2003,Action
50000000,9.894346,86,6.2,106,2006,Comedy
50000000,12.050755,101,5.1,542,2005,Comedy
50000000,53.02787,88,5.7,3239,2013,Action
50000000,14.382253,124,6.3,276,2002,Drama
50000000,43.450266,109,5.9,1567,2011,Action
50000000,16.871194,128,6.3,451,2005,Drama
50000000,42.526529,144,7.0,938,2016,Action
50000000,34.890999,95,7.3,755,2014,Comedy
50000000,13.576765,121,6.4,223,1997,Drama
50000000,19.434672,125,6.0,395,1997,Action
50000000,62.925175,129,7.5,1506,1997,Drama
0,14.837288,118,6.1,203,2000,Comedy
50000000,39.920035,113,6.1,1611,2012,Comedy
50000000,28.725621,140,6.8,582,1998,Action
50000000,20.566554,89,5.8,817,2014,Action
50000000,20.333953,104,5.5,434,1994,Action
50000000,33.98637,106,6.2,652,1990,Comedy
50000000,42.472324,141,7.2,1417,2014,Drama
50000000,15.931084,124,5.8,255,1997,Action
45000000,29.880122,94,6.1,1267,2004,Action
50000000,28.803802,108,6.1,750,2004,Comedy
50000000,14.993459,105,6.1,298,2003,Drama
50000000,9.114168,102,4.5,104,1994,Action
40000000,41.362082,119,6.3,1233,2000,Drama
50000000,13.298205,119,5.9,189,2004,Comedy
40000000,19.085403,99,6.2,371,2009,Action
50000000,9.622345,137,6.3,88,1999,Drama
50000000,11.106006,115,4.4,205,1996,Drama
50000000,12.25622,87,5.0,149,2010,Comedy
50000000,13.365715,129,5.8,510,2010,Drama
50000000,16.167093,120,6.0,268,2002,Drama
50000000,23.073933,132,6.0,387,1995,Action
50000000,6.567065,121,6.0,654,2007,Drama
50000000,6.22577,95,5.9,75,1999,Comedy
44000000,42.933027,125,6.0,1817,2013,Action
50000000,19.226763,98,6.2,286,2003,Action
50000000,10.089065,110,6.1,206,2002,Drama
50000000,13.391833,118,6.0,368,2009,Drama
50000000,21.637234,97,5.6,373,1996,Action
50000000,25.237969,119,7.1,775,2004,Comedy
50000000,21.589393,139,6.6,428,2016,Action
50000000,22.442241,130,7.3,480,2003,Drama
40000000,6.004422,100,5.4,120,2005,Action
50000000,74.64653,114,6.3,1148,2015,Action
50000000,14.723467,110,5.8,458,2005,Action
60000000,21.084542,148,6.2,367,1999,Action
49900000,21.408222,102,5.2,501,2011,Comedy
50000000,19.267479,84,5.8,391,2011,Drama
50000000,3.314004,114,5.9,81,1997,Action
50000000,21.312186,99,5.8,274,1994,Action
50000000,7.44268,135,5.5,108,1995,Drama
22000000,12.54949,108,6.5,235,2010,Drama
50000000,18.394571,127,6.0,444,2005,Action
50000000,8.189406,95,5.2,44,1995,Action
50000000,27.631262,95,5.6,760,2009,Action
60000000,40.721373,124,5.6,984,2013,Drama
55000000,11.329727,109,5.9,132,2002,Comedy
50000000,37.253774,100,4.7,797,2016,Comedy
50000000,6.397388,88,5.0,76,2004,Comedy
60000000,2.275331,105,5.4,37,2000,Comedy
50000000,30.387148,105,5.3,600,2011,Action
50000000,8.139676,97,3.9,112,2009,Action
49000000,21.746245,87,5.7,437,2001,Action
49000000,2.808428,104,6.2,71,1990,Action
50000000,31.02233,116,7.2,666,2009,Comedy
48000000,25.170217,147,6.9,562,2000,Drama
48000000,80.972475,127,7.6,3152,1989,Action
0,26.38704,130,6.5,639,2012,Drama
49000000,116.700319,120,6.6,3062,2015,Action
73000000,33.884459,118,6.5,826,1999,Drama
48000000,53.043124,111,6.5,1267,2002,Drama
75000000,34.973086,114,6.6,692,1999,Action
48000000,18.60049,112,6.0,518,2001,Comedy
48000000,30.920075,120,7.1,695,2001,Drama
0,11.940711,118,6.0,418,2001,Comedy
48000000,19.348007,93,5.6,512,2000,Comedy
58000000,8.59075,127,6.6,68,1984,Drama
48000000,88.844777,109,6.1,2200,2014,Action
48000000,16.000178,123,6.5,333,1998,Comedy
47000000,19.525659,96,5.7,594,1996,Comedy
0,1.246883,101,6.6,9,1998,Drama
47000000,7.859226,103,5.9,251,1990,Action
48000000,18.102572,113,6.6,339,1999,Drama
48000000,7.226115,132,6.5,103,2001,Comedy
15000000,63.071046,93,7.2,1488,1982,Action
0,24.132271,167,7.7,357,1972,Drama
47000000,10.410933,75,4.6,104,2006,Comedy
47000000,6.067212,104,5.7,74,1996,Drama
38000000,15.401855,105,6.3,584,1997,Comedy
0,10.698929,102,5.5,252,2001,Comedy
46000000,25.6713,111,7.0,661,1996,Action
47000000,22.581313,80,4.4,420,2010,Action
46000000,12.971122,117,6.2,232,1996,Drama
45000000,26.721386,86,6.4,1424,1997,Comedy
25000000,24.672234,127,6.6,573,2016,Drama
46000000,0.146783,140,6.5,2,1981,Drama
46000000,28.964162,91,5.0,543,1994,Comedy
45000000,49.353524,91,6.1,2757,2012,Action
48000000,36.585509,84,5.8,912,2003,Comedy
45000000,32.624355,111,6.1,961,2000,Action
45000000,53.090422,93,5.8,1309,2008,Action
40000000,30.002907,113,6.0,697,2004,Comedy
45000000,17.923254,141,6.3,371,1993,Drama
45000000,17.746719,119,6.4,278,1994,Drama
45000000,31.305336,97,7.0,1111,2007,Comedy
45000000,19.637704,117,6.3,433,1992,Action
43000000,10.411996,101,5.6,406,2005,Comedy
46000000,88.496873,153,7.9,3085,2013,Drama
45000000,52.081131,122,7.3,1634,2001,Action
45000000,30.816341,102,6.9,710,1999,Comedy
45000000,35.376971,83,5.4,982,2001,Comedy
45000000,17.047276,103,6.5,501,2011,Comedy
45000000,43.815492,120,6.5,1905,1998,Action
30000000,23.234651,136,7.3,496,2005,Drama
45000000,17.270539,89,5.9,299,2002,Action
45000000,26.79781,100,5.8,575,2000,Comedy
40000000,37.073127,135,7.0,1869,2003,Comedy
120000000,87.350802,95,6.8,2303,1998,Comedy
45000000,16.582709,110,5.5,313,1994,Action
45000000,10.731574,135,5.9,150,1996,Comedy
0,2.094151,111,6.2,26,1968,Comedy
45000000,8.99269,95,5.6,176,2005,Comedy
50000000,51.742065,109,6.6,1315,2005,Comedy
0,7.157635,93,4.3,69,2004,Comedy
45000000,12.06538,94,6.1,1292,2007,Action
40000000,44.120328,117,6.6,1006,2014,Comedy
45000000,6.156015,112,6.4,119,2006,Comedy
45000000,12.362876,111,6.1,210,1994,Action
45000000,31.856589,131,6.2,766,2012,Drama
25000000,24.459948,94,6.1,537,2004,Action
40000000,28.029015,88,6.0,852,2003,Action
50000000,20.239061,88,5.5,366,2006,Comedy
40000000,25.876582,137,6.5,562,1984,Action
0,11.872841,133,7.1,410,2007,Drama
35000000,20.360549,119,6.7,796,2008,Drama
55000000,32.31022,105,6.2,661,2006,Action
70000000,27.568194,101,5.4,676,2008,Action
45000000,6.250282,92,4.7,100,1996,Action
45000000,11.120344,117,5.5,154,1996,Comedy
45000000,13.707183,86,5.3,244,2009,Comedy
35000000,12.495436,123,6.5,215,2001,Drama
45000000,6.803965,134,6.1,151,2005,Comedy
45000000,9.025236,100,4.7,136,1996,Action
57000000,7.524671,117,5.8,60,2000,Drama
44000000,3.770161,192,7.1,71,1995,Drama
45000000,6.513856,106,6.0,154,1998,Action
45000000,11.387408,160,6.3,90,2008,Drama
110,9.950505,114,6.6,203,2006,Action
45000000,14.813057,99,5.0,332,2008,Action
40000000,5.201688,85,6.3,80,2002,Action
45000000,5.361699,139,6.4,81,2007,Drama
45000000,3.848893,103,4.0,11,1997,Action
45000000,35.6585,101,6.0,1007,2011,Action
65000000,5.258726,87,2.3,28,2012,Action
44500000,62.01056,120,7.1,3423,2012,Drama
44000000,54.884297,130,7.2,1220,1993,Action
40000000,33.747825,110,5.5,858,2010,Action
44000000,16.245068,147,7.3,715,1996,Drama
44000000,38.653969,96,6.3,864,1985,Action
44000000,3.937352,118,5.5,89,1996,Drama
44000000,5.380124,219,6.4,55,1980,Action
50000000,49.020045,106,6.4,1528,2006,Action
40000000,24.821138,109,5.6,685,2015,Drama
43000000,19.043286,136,7.0,302,2000,Drama
43000000,5.418921,103,6.0,208,2000,Comedy
45000000,25.999888,103,6.6,518,2005,Action
43000000,18.65632,84,5.3,280,2002,Comedy
42000000,23.736535,154,6.6,501,1993,Drama
44000000,21.75433,99,6.8,566,2010,Drama
40000000,44.094856,93,6.3,1045,2011,Action
42000000,62.714026,109,6.7,4074,2012,Action
42000000,28.969151,124,7.0,1262,1999,Comedy
45000000,31.789029,84,6.5,1150,2000,Comedy
42000000,33.238296,90,5.8,773,2004,Comedy
40000000,6.420434,117,5.4,134,1992,Comedy
43000000,37.654688,117,6.5,1575,2013,Action
31115000,13.244365,248,6.7,146,1963,Drama
0,26.799913,105,6.0,593,2012,Comedy
42000000,14.046705,115,6.1,184,2002,Drama
42000000,3.844926,126,6.5,47,1996,Comedy
32000000,14.733513,119,6.1,305,2002,Drama
42000000,16.122168,83,5.4,518,2009,Comedy
32000000,28.22119,133,5.9,541,1989,Action
60000000,15.205371,120,5.7,191,2001,Action
48000000,14.587367,104,4.0,232,1993,Comedy
42000000,34.828241,122,7.0,1335,2005,Drama
31000000,23.607392,99,7.2,635,2002,Action
40000000,19.438503,91,5.3,388,2012,Action
44000000,74.168016,112,6.1,2304,2014,Action
42000000,7.349497,100,6.3,136,2010,Action
33000000,7.663515,100,6.8,148,2009,Action
41000000,32.798571,110,6.8,1626,2002,Drama
0,5.794466,100,5.3,125,2015,Comedy
65000000,36.670399,132,6.6,907,2001,Action
41000000,14.653718,88,5.3,281,2003,Action
40000000,73.085576,107,7.7,3147,1999,Drama
42000000,34.041407,102,6.2,925,2012,Action
41000000,9.419726,100,5.6,248,2011,Comedy
8000000,28.456572,126,6.9,891,1984,Drama
40000000,49.664128,138,6.8,2807,2013,Drama
40000000,36.238968,108,6.7,1804,2009,Comedy
70000000,19.439386,105,6.2,278,1999,Drama
40000000,43.345252,108,7.4,3829,1989,Comedy
40000000,115.241998,89,6.3,5878,2014,Action
40000000,98.755657,125,5.2,3254,2015,Drama
38000000,21.998734,84,4.7,511,2003,Action
40000000,25.219805,149,7.0,509,1996,Drama
40000000,26.516624,98,6.0,699,2003,Comedy
40000000,37.084384,121,7.4,1526,2013,Action
40000000,21.661028,128,6.7,354,1992,Comedy
40000000,69.27822,120,7.1,3391,2010,Drama
40000000,26.253357,129,6.2,959,2009,Comedy
45000000,32.549282,83,5.3,750,2006,Comedy
40000000,45.769562,118,7.1,2900,1990,Comedy
40000000,36.301202,100,5.9,944,2015,Comedy
40000000,22.853006,123,6.6,560,2009,Drama
40000000,31.884559,128,6.8,787,2013,Drama
40000000,31.385257,139,7.0,767,1999,Drama
40000000,67.767785,110,5.4,1127,2014,Comedy
40000000,24.287306,120,6.7,542,2006,Drama
35000000,53.114573,121,7.1,1881,2015,Comedy
40000000,25.136082,102,6.1,555,2016,Action
40000000,37.776566,112,7.1,732,1992,Action
40000000,21.743321,152,7.2,467,2004,Drama
40000000,66.003433,124,7.2,2691,2005,Action
40000000,24.862767,90,6.2,716,2008,Action
41000000,25.391899,105,6.5,515,2009,Comedy
40000000,29.854773,114,5.7,731,2001,Comedy
40000000,26.82041,189,7.5,502,1991,Drama
40000000,17.61292,99,5.4,371,2006,Comedy
57000000,21.021809,123,5.8,441,2001,Action
20000000,52.571674,102,6.1,1350,2009,Comedy
40000000,34.519636,109,6.2,1437,2014,Comedy
40000000,48.445978,141,7.2,2583,2015,Drama
40000000,24.012986,106,6.0,457,2001,Action
40000000,17.869443,109,5.9,612,2010,Comedy
50000000,14.231899,107,5.9,297,2004,Comedy
40000000,23.088571,110,6.2,511,1998,Action
40000000,19.833664,96,5.0,336,1997,Action
35000000,26.595983,131,7.3,453,2002,Action
40000000,26.072228,119,7.0,902,2011,Drama
30000000,38.643914,113,6.5,1265,2011,Action
40000000,74.440708,130,8.0,4391,2006,Drama
42000000,82.185281,108,6.1,1536,2014,Comedy
40000000,18.14218,89,5.7,332,2013,Comedy
40000000,41.570047,139,7.3,1221,2006,Action
40000000,23.331459,130,6.2,440,1987,Action
40000000,47.649554,107,6.0,1206,2010,Action
0,7.519433,116,5.8,51,1986,Comedy
40000000,29.88736,99,6.5,670,2006,Drama
43000000,29.105407,104,6.4,573,2005,Drama
0,16.394452,105,6.5,386,2012,Comedy
40000000,19.574774,101,6.0,394,2008,Comedy
40000000,14.199933,134,6.8,255,2014,Drama
40000000,12.229516,135,6.7,235,1997,Drama
36000000,3.698276,155,6.8,316,1997,Drama
40000000,39.381913,94,4.9,740,2007,Action
40000000,14.398356,95,5.4,415,1994,Comedy
65000000,8.680334,103,5.7,135,2000,Drama
40000000,17.659032,96,6.2,554,2007,Comedy
40000000,43.151268,104,6.5,1789,2011,Comedy
40000000,15.283444,95,5.4,284,2012,Comedy
38000000,10.794175,140,6.7,275,1991,Drama
40000000,72.641296,97,5.3,1695,2014,Comedy
40000000,3.415534,94,5.0,40,2000,Comedy
0,6.786117,102,5.3,140,1999,Comedy
40000000,24.313684,122,7.0,432,2000,Drama
30000000,9.965073,103,5.9,182,2005,Comedy
40000000,15.055732,102,5.5,275,2008,Comedy
0,32.808675,116,5.8,1468,2014,Comedy
25000000,8.178203,108,5.4,138,1994,Action
40000000,31.066874,129,6.9,708,2011,Drama
40000000,22.491388,102,6.1,412,2010,Comedy
40000000,12.885985,117,6.3,186,2005,Drama
40000000,7.832337,117,5.6,135,2000,Action
40000000,10.433667,135,6.7,155,2005,Drama
40000000,3.321949,107,4.9,71,2000,Drama
75000000,4.842626,90,5.0,45,1999,Comedy
40000000,3.296933,104,5.2,56,2001,Action
35000000,22.939557,115,6.4,477,2008,Drama
40000000,19.372805,119,6.4,278,2001,Drama
500000,17.002096,110,7.2,345,1973,Drama
40000000,4.516953,128,5.9,81,1994,Comedy
40000000,33.785969,108,6.5,824,2011,Action
40000000,16.059443,86,6.9,190,1998,Drama
40000000,3.476966,108,5.7,92,2002,Drama
0,5.778724,128,5.9,48,1999,Drama
40000000,7.360793,84,4.7,119,2004,Action
0,3.621837,111,6.0,67,1996,Drama
45000000,14.513305,128,4.9,256,1995,Drama
40000000,22.364549,123,6.5,642,2006,Drama
40000000,6.90894,101,5.7,81,1995,Action
63600000,4.494788,102,4.8,145,2000,Action
42000000,47.559928,113,7.0,2025,2012,Drama
55000000,2.410546,107,4.2,28,1987,Action
40000000,41.258956,87,7.5,1176,2009,Comedy
40000000,8.980846,103,5.7,124,2002,Comedy
40000000,7.222985,99,5.7,125,1992,Comedy
10000000,73.720244,122,7.8,3310,2001,Comedy
0,10.0403,91,5.5,185,2004,Comedy
60000000,15.219263,103,5.6,248,2004,Comedy
40000000,8.303696,107,6.6,152,2012,Drama
38000000,4.746085,106,5.9,54,1999,Drama
40000000,16.424807,109,5.5,348,2009,Action
40000000,15.590001,89,5.9,482,2003,Action
0,5.483671,103,6.3,47,2008,Comedy
0,1.630541,115,5.2,21,1980,Action
45000000,14.566664,82,4.2,135,1999,Action
33000000,28.353517,108,6.5,774,2009,Action
40000000,9.579975,102,6.1,135,2001,Action
40000000,2.911819,93,5.0,28,2002,Action
0,10.844882,88,4.8,171,2001,Comedy
40000000,13.119133,91,6.0,373,2012,Comedy
40000000,4.238482,94,5.4,15,2008,Comedy
40000000,26.935458,115,5.5,392,2015,Action
40000000,16.282962,93,5.1,213,2006,Action
20000000,31.690456,105,6.6,1006,2007,Drama
20000000,17.842246,107,6.2,398,1995,Action
0,8.048305,101,6.6,96,2007,Action
30000000,14.188982,111,7.1,275,1994,Comedy
40000000,6.884467,126,6.3,83,2007,Action
25000000,8.212018,112,4.3,17,2005,Action
39200000,64.238688,126,6.7,2854,2013,Action
25000000,17.375562,90,6.5,313,2011,Comedy
0,6.7698,90,5.9,15,2004,Action
15000000,44.690107,102,7.3,953,1994,Action
40000000,16.254032,159,7.5,135,2015,Action
39000000,37.492928,107,6.7,798,2009,Drama
0,18.678415,102,5.8,191,2007,Comedy
39000000,27.908783,87,6.6,932,2012,Comedy
39000000,45.388937,119,7.4,1264,2005,Action
39000000,2.817364,106,4.5,32,2004,Drama
39000000,22.164202,125,5.3,490,1983,Action
40000000,21.362949,113,6.0,433,2013,Comedy
80341000,14.8375,150,7.1,205,2008,Action
30000000,18.256028,108,6.0,394,2002,Comedy
38000000,22.332927,96,6.4,972,2009,Comedy
0,5.417787,90,5.5,94,1996,Comedy
38000000,24.085144,100,5.3,521,2002,Action
38000000,14.779041,118,6.4,452,1994,Action
3860000,19.947265,130,6.3,273,2013,Action
38000000,16.801218,120,6.7,850,2011,Drama
50000000,20.825781,146,7.2,396,1999,Drama
38000000,11.500783,114,6.2,264,2002,Drama
35000000,13.932203,123,5.7,254,2001,Comedy
38000000,41.258487,94,5.0,567,2015,Action
53000000,6.454634,102,5.6,88,2001,Drama
38000000,5.257009,99,5.5,40,2001,Comedy
38000000,3.426555,118,5.7,80,1996,Drama
57000000,11.60815,105,6.0,190,2001,Comedy
10000000,18.664624,110,6.9,417,2009,Drama
38000000,10.047579,129,6.3,86,1996,Action
38000000,46.630062,119,6.2,2035,2013,Action
37000000,4.131546,118,5.8,52,1997,Action
0,5.641978,110,5.4,19,2001,Action
32000000,25.682509,137,7.0,701,2012,Drama
38000000,6.760922,93,4.3,75,2007,Action
40000000,3.87823,130,7.1,71,2008,Drama
37000000,57.773583,133,7.3,1915,2015,Drama
37000000,24.218358,125,7.0,1468,2010,Drama
40000000,27.009723,110,5.8,594,2012,Comedy
37000000,31.941347,96,6.5,1222,2008,Comedy
37000000,14.353279,96,5.6,330,2008,Comedy
38000000,33.003828,123,7.7,2277,2013,Action
37000000,30.993736,188,7.5,825,1999,Drama
30000000,25.825771,107,5.3,511,2010,Action
38000000,46.078371,110,5.9,1201,2016,Comedy
37000000,6.63839,113,6.7,163,2011,Drama
37000000,127.084938,122,5.8,3561,2008,Drama
36000000,27.465433,116,7.0,594,2002,Drama
65000000,16.865782,93,6.1,352,1999,Action
37000000,100.348805,110,6.8,2972,2013,Comedy
36500000,2.785832,115,5.3,23,2008,Action
36000000,9.176339,95,6.6,198,1997,Action
36000000,23.380757,134,5.8,338,1983,Action
36000000,33.926473,101,6.0,894,2010,Comedy
36000000,6.967857,107,6.7,96,2014,Drama
36000000,19.854932,109,5.8,258,2003,Action
37000000,29.652536,105,5.2,692,2015,Comedy
0,8.102925,130,6.2,40,1996,Drama
0,2.79483,127,6.3,32,1999,Drama
37000000,11.492474,114,5.8,556,2011,Drama
36000000,1.068453,95,4.6,14,2000,Comedy
0,3.457194,95,5.3,71,2003,Comedy
35000000,82.21166,100,7.2,6173,2009,Comedy
36000000,19.167377,105,6.5,379,2015,Action
33000000,18.316151,95,6.2,1011,1999,Comedy
35000000,44.104469,126,7.0,2096,1989,Action
0,6.668679,112,5.9,27,2011,Drama
35000000,36.172182,118,6.4,811,1992,Action
29000000,25.767395,129,7.2,1597,2009,Drama
35000000,21.543389,88,5.5,867,2001,Action
35000000,50.309843,98,6.5,2277,2011,Comedy
38000000,49.292384,110,7.2,1668,2010,Drama
35000000,83.893257,109,7.0,3088,2006,Comedy
35000000,34.005726,111,5.6,1645,2013,Comedy
35000000,45.149948,123,6.5,1375,2008,Drama
35000000,72.774941,125,5.9,1181,2015,Comedy
35000000,3.74263,105,5.5,225,2005,Comedy
27000000,29.381878,162,7.0,542,1996,Drama
35000000,24.860326,138,7.7,1310,1997,Drama
35000000,11.041659,100,5.8,550,2005,Comedy
35000000,11.897925,90,6.3,177,1997,Comedy
35000000,23.607071,108,5.5,453,1995,Action
0,28.98027,132,6.3,1018,1998,Action
35000000,9.525037,123,6.8,103,2010,Drama
34000000,18.39217,90,6.0,345,2007,Comedy
32000000,9.254647,109,6.8,141,2003,Drama
35000000,40.526587,109,6.5,2237,2011,Comedy
35000000,50.179171,91,5.6,1462,2016,Comedy
35000000,31.957947,125,7.3,1226,2013,Comedy
34000000,19.822791,202,7.2,370,1992,Drama
35000000,38.429648,134,5.6,896,2012,Comedy
35000000,13.707843,88,5.2,210,2009,Comedy
35000000,51.927471,92,6.2,1428,2009,Action
35000000,14.503568,91,5.2,253,2007,Comedy
0,6.74556,80,5.2,242,2006,Comedy
30000000,11.120167,98,5.8,140,2005,Comedy
35000000,40.370442,127,7.4,1147,1997,Drama
33000000,40.715623,100,6.4,2065,2002,Action
0,23.666229,104,6.0,415,2004,Comedy
35000000,25.903237,100,5.2,613,2008,Action
40000000,60.231382,109,6.7,3417,2011,Action
35000000,18.38292,106,5.7,458,2010,Comedy
35000000,14.029012,112,5.9,296,2011,Comedy
0,15.913783,95,5.1,287,2001,Comedy
35000000,6.889633,102,6.9,97,1976,Comedy
35000000,19.286099,102,4.1,325,1994,Action
35000000,50.587541,150,8.0,1864,2002,Drama
35000000,3.721272,101,6.4,35,2006,Drama
27000000,22.636908,104,6.7,811,2004,Drama
35000000,28.069419,137,6.0,741,2011,Drama
35000000,11.644243,101,5.4,239,2002,Drama
35000000,27.934978,108,5.9,730,1990,Action
35000000,12.677505,101,5.9,238,2008,Drama
35000000,8.737058,112,6.3,245,1999,Comedy
35000000,14.699342,102,5.8,325,2004,Comedy
45000000,14.513243,101,5.1,300,2012,Action
35000000,5.525544,155,6.3,157,1997,Drama
8900000,15.079993,93,5.6,318,2015,Action
35000000,23.835055,109,6.0,436,2010,Comedy
30000000,25.454549,104,5.5,523,2008,Drama
31000000,22.71592,96,5.9,437,2004,Comedy
35000000,35.120736,123,7.0,823,2015,Drama
35000000,19.893646,106,5.6,961,2011,Action
35000000,9.011729,111,6.9,161,2000,Comedy
35000000,19.088655,85,4.9,379,2008,Action
56000000,29.490057,109,5.7,593,2013,Drama
35000000,11.195593,97,5.1,167,2005,Comedy
35000000,17.709888,91,6.2,832,2012,Action
35000000,18.262017,87,5.4,647,2015,Action
35000000,10.10364,132,6.5,159,2002,Drama
35000000,28.670477,118,5.7,1455,2013,Action
31000000,16.736734,98,6.0,293,2004,Comedy
35000000,13.668633,92,4.6,149,2010,Comedy
30000000,9.780588,93,5.3,191,2012,Action
27000000,9.904881,117,5.8,129,1983,Action
35000000,9.789027,92,6.0,216,2007,Action
35000000,6.81729,115,5.7,31,1991,Action
35000000,10.73522,96,6.6,212,2007,Comedy
0,11.1399,111,6.4,108,2001,Drama
35000000,6.727949,94,5.7,55,2001,Action
35000000,16.343317,105,7.0,322,2009,Drama
40000000,14.818718,101,5.3,220,2009,Action
32000000,43.862456,139,6.5,987,2011,Drama
33000000,2.706207,91,4.7,64,1998,Action
35000000,27.903999,110,5.5,555,2014,Action
35000000,3.746806,102,4.8,91,2003,Drama
20500000,17.112498,102,5.6,294,2008,Action
35000000,10.304172,83,4.9,135,2006,Comedy
35000000,37.335721,123,6.9,1121,2015,Drama
0,0.912395,103,4.7,9,1997,Action
35000000,16.782471,118,6.5,357,2006,Comedy
35000000,3.503408,114,6.6,53,1992,Drama
35000000,9.122828,180,7.7,115,1993,Action
35000000,5.419181,121,6.6,60,1997,Action
35000000,2.864979,173,7.4,34,1981,Action
35000000,2.877488,135,6.7,25,1995,Drama
38000000,5.516207,138,6.6,49,1999,Drama
0,13.930763,148,7.0,291,2010,Drama
35000000,20.27704,93,5.8,307,2006,Action
0,0.126738,100,0.0,0,2009,Drama
34000000,131.815575,113,7.0,5371,2014,Action
35000000,16.832312,91,5.0,320,2015,Comedy
34000000,9.133747,139,7.0,169,1993,Drama
35000000,24.606012,96,6.8,827,2006,Drama
70000000,3.276912,101,5.3,29,1999,Action
35000000,16.830184,96,5.1,344,2012,Action
34000000,41.946523,128,7.3,1064,2015,Drama
75000000,20.697556,109,5.4,254,1999,Drama
34000000,1.656695,114,5.3,18,2000,Drama
35000000,17.932561,106,5.4,240,2012,Comedy
35000000,15.50957,141,6.5,224,2013,Drama
32000000,4.602185,195,7.1,67,1981,Drama
40000000,40.379966,138,7.1,877,1992,Drama
50000000,12.601306,101,5.3,110,2001,Action
30000000,24.389194,98,5.6,506,2000,Comedy
30000000,23.328823,89,4.8,469,2011,Action
33000000,29.775441,99,6.7,663,2012,Drama
33000000,19.642328,105,5.1,497,2006,Action
33000000,35.099611,124,6.1,766,2004,Action
30000000,16.541791,118,6.6,238,2005,Drama
30000000,31.92695,94,6.3,799,2012,Action
33000000,9.060642,124,5.7,116,1999,Comedy
32350000,46.509071,135,7.9,4665,1983,Action
30000000,21.538222,108,5.8,363,2008,Action
32000000,33.923786,124,7.2,813,2008,Drama
35000000,20.908494,98,5.3,394,2012,Comedy
32000000,16.901954,97,6.4,987,2003,Comedy
32000000,15.039407,123,6.2,323,1996,Drama
33000000,13.655735,99,5.3,185,2002,Comedy
0,21.620317,101,6.7,390,1988,Comedy
32000000,14.642055,92,5.6,359,2006,Comedy
32500000,17.107065,125,6.5,1661,2011,Comedy
32000000,38.21708,107,6.3,2359,2013,Action
32000000,24.147269,129,7.0,544,2000,Drama
32000000,18.47242,107,6.0,394,2010,Action
35000000,18.84332,90,5.7,414,2013,Comedy
32000000,15.901137,107,5.3,313,2011,Action
32000000,14.48851,120,6.7,374,1993,Action
30000000,23.197408,101,6.3,1018,2007,Drama
33000000,10.651202,105,6.7,232,2013,Drama
35000000,10.032626,113,5.6,143,1979,Action
0,6.048743,106,6.3,67,2005,Drama
32000000,34.628738,96,6.9,832,2005,Drama
32000000,47.5612,87,6.2,1061,2005,Action
32000000,16.473355,107,6.3,427,1995,Action
28000000,6.201404,90,5.6,104,2004,Action
32000000,15.560918,121,6.6,225,1999,Drama
32000000,25.799697,111,6.2,620,2010,Action
70000000,4.822033,90,4.0,104,2007,Action
32000000,3.379454,110,5.4,44,1996,Comedy
30000000,26.9385,100,5.3,724,2013,Comedy
32000000,4.098444,75,7.1,24,1997,Comedy
0,4.901553,132,7.2,18,1999,Drama
32000000,5.347936,108,5.9,86,2006,Drama
31500000,49.973462,153,8.0,2055,1979,Drama
32000000,13.611544,102,6.0,262,2010,Comedy
0,6.775294,137,6.9,113,1995,Drama
31500000,27.891012,113,5.7,557,2016,Action
31000000,13.864975,161,7.0,279,1985,Drama
31000000,42.213765,138,6.5,2415,2012,Drama
34000000,29.887404,126,5.9,541,1979,Action
30000000,74.417456,99,8.0,4519,2014,Comedy
31000000,7.06762,101,6.4,131,2001,Drama
31000000,15.895661,103,6.2,433,1990,Comedy
31000000,19.258041,118,7.0,462,2000,Drama
31000000,47.753598,99,6.2,1195,2015,Comedy
30250000,15.585138,105,6.4,302,1995,Comedy
45000000,32.217425,113,6.9,677,2002,Action
34200000,34.86859,93,6.1,875,1999,Comedy
30000000,36.432598,108,6.0,1344,2001,Comedy
30000000,73.640445,81,7.7,5269,1995,Comedy
30000000,49.526736,116,6.8,1783,1994,Action
30000000,26.780961,104,7.0,1293,2012,Drama
31000000,6.487344,105,6.0,89,2010,Drama
30000000,25.996219,113,7.4,821,2000,Drama
30000000,46.212155,134,7.2,957,1990,Action
25000000,32.105328,132,7.2,1101,2013,Drama
20000000,41.156217,92,6.2,981,2004,Comedy
30000000,37.179547,99,6.7,848,1991,Comedy
30000000,34.391792,90,6.1,1099,1995,Comedy
37000000,40.176265,115,6.5,1023,2001,Comedy
26000000,10.704596,102,6.5,166,1996,Comedy
30000000,27.870755,87,6.7,574,2004,Comedy
25000000,31.242999,138,7.6,1422,2003,Drama
30000000,70.456012,132,7.7,2439,2004,Drama
80000000,29.415229,103,6.4,503,1999,Comedy
29000000,55.109138,123,7.7,3067,2004,Drama
30000000,30.695228,111,6.1,978,2008,Comedy
35000000,13.788422,102,6.0,449,2009,Comedy
30,4.590277,78,6.0,100,2000,Comedy
30000000,3.845231,132,5.9,56,1991,Drama
30000000,26.952727,133,7.2,619,1994,Drama
25000000,33.704181,109,6.7,1205,2009,Drama
30000000,19.925026,125,6.7,362,2002,Comedy
35000000,43.742241,97,6.4,2652,2013,Comedy
30000000,46.377628,118,6.6,4697,2012,Action
0,9.166658,87,4.9,95,2001,Comedy
30000000,34.36645,89,6.0,733,1995,Comedy
30000000,12.967137,100,5.8,284,2012,Comedy
30000000,50.670253,111,6.4,1172,2008,Comedy
45000000,24.694551,109,6.7,607,2005,Action
30000000,11.409124,99,5.8,205,2008,Comedy
0,7.922716,114,5.8,81,1998,Drama
30000000,33.385429,89,5.9,856,2009,Comedy
19000000,8.584398,95,5.3,214,2004,Action
37000000,41.569541,98,6.3,1204,2004,Comedy
30000000,43.753585,94,7.4,1990,2011,Comedy
0,18.568021,85,5.5,319,2014,Comedy
53000000,28.350529,124,7.4,1317,2001,Drama
80000000,10.81051,131,5.8,196,1999,Drama
30000000,19.578249,107,5.6,376,1989,Action
30000000,5.73667,99,5.7,100,2002,Comedy
30000000,28.624038,83,6.3,521,1994,Comedy
30000000,27.230493,131,6.0,506,1985,Action
30000000,30.380747,85,6.8,643,2005,Comedy
30000000,29.489274,126,6.9,977,2007,Drama
30000000,8.058109,102,5.1,123,2005,Comedy
30000000,33.369305,123,7.4,1049,2007,Drama
30000000,16.52083,105,6.6,796,2010,Comedy
30000000,11.19602,125,6.2,243,1989,Action
30000000,14.585968,92,4.9,140,2012,Comedy
0,8.305085,118,7.2,144,2006,Drama
30000000,55.424027,121,7.2,2416,2015,Action
30000000,65.364452,123,7.3,2067,2015,Action
25000000,82.052056,112,7.4,1990,2015,Drama
0,15.011624,111,6.9,260,2003,Comedy
30000000,25.060342,107,6.6,582,2010,Drama
30000000,32.26789,113,7.1,721,2006,Comedy
30000000,10.608998,84,3.7,359,2008,Comedy
30000000,12.821329,126,7.2,238,1988,Comedy
27000000,30.131498,101,6.4,703,1987,Action
25000000,12.113235,94,6.6,384,1986,Comedy
30000000,31.191975,111,6.5,1263,2011,Action
30000000,11.916389,95,3.8,221,1997,Action
30000000,20.355458,98,5.7,359,2011,Comedy
30000000,63.848541,100,5.8,1463,2013,Drama
30000000,9.278361,125,6.5,206,2006,Action
45000000,7.185212,94,5.1,66,2001,Action
30000000,55.806402,79,6.6,1262,2009,Action
30000000,48.237797,106,6.4,1323,2013,Drama
0,17.943945,111,5.9,278,2004,Comedy
19000000,15.67747,85,4.1,210,2003,Comedy
30000000,4.52363,108,6.3,66,1998,Comedy
0,13.064264,139,6.4,158,2014,Drama
0,2.644427,127,6.2,27,1998,Drama
30000000,5.301589,106,5.4,163,1995,Action
0,20.252143,95,4.8,442,2006,Action
30000000,20.063165,108,5.8,339,2011,Action
35000000,6.246199,111,5.2,112,2004,Comedy
30000000,27.71063,124,5.7,457,2012,Comedy
30000000,2.850896,104,5.0,66,2004,Comedy
30000000,34.421696,133,6.9,905,2010,Drama
30000000,15.89534,87,4.8,458,2006,Action
30000000,9.607391,87,6.0,127,1998,Action
25000000,2.77255,98,5.2,47,1996,Action
0,17.834976,99,5.4,295,2002,Action
30000000,20.236951,112,6.6,1233,2010,Comedy
35000000,12.779201,126,6.8,125,2005,Drama
40000000,14.729386,98,5.5,278,2004,Comedy
37000000,11.374306,110,5.1,221,1986,Comedy
30000000,10.703602,130,6.3,240,2008,Drama
30000000,10.756266,97,5.1,202,2005,Action
30000000,4.352422,96,5.0,68,2003,Comedy
30000000,9.301562,114,6.7,157,2004,Drama
17000000,18.27083,106,6.0,603,2011,Comedy
30000000,19.106154,135,6.4,330,2005,Drama
30000000,5.259585,100,4.0,72,1999,Action
0,3.226243,100,5.4,44,1999,Drama
100000000,21.677732,85,2.9,462,2009,Action
30000000,43.882857,107,5.7,1266,2013,Action
25000000,12.10235,102,4.7,114,2004,Drama
23000000,3.362045,111,6.1,152,2004,Comedy
30000000,10.694417,86,4.8,131,2011,Comedy
30000000,6.353971,108,6.7,161,2005,Drama
30000000,4.952735,134,7.2,129,2010,Comedy
30000000,22.975918,91,5.5,543,2013,Drama
30000000,8.359599,108,5.8,153,2001,Action
30000000,49.336397,229,8.2,1069,1984,Drama
0,29.647844,118,5.9,638,2013,Action
0,12.467267,138,6.7,144,2004,Drama
0,2.774811,108,6.0,31,2003,Drama
0,3.71305,80,5.4,29,2005,Action
30000000,8.386432,92,6.3,141,2006,Drama
0,3.866026,98,5.0,29,2005,Action
21000000,12.790408,87,5.0,205,2006,Action
30000000,35.53352,160,7.0,776,2007,Action
30000000,4.065212,125,5.0,41,2011,Action
0,20.362025,91,5.9,306,2009,Comedy
30000000,48.0343,92,5.4,656,2015,Drama
30000000,13.268936,129,6.4,286,2011,Action
0,8.010046,93,5.5,90,2010,Comedy
30000000,12.257654,140,7.0,38,2007,Drama
27000000,6.036684,110,3.0,16,2014,Drama
30000000,10.958697,103,5.8,195,2014,Drama
19000000,66.242737,83,5.6,2238,2016,Comedy
29000000,71.496894,115,6.8,1940,2015,Comedy
28000000,35.580032,136,7.3,718,2005,Drama
30000000,8.085872,127,5.9,159,2000,Comedy
29000000,10.364582,86,5.8,135,1997,Action
0,16.87784,122,7.2,328,2008,Drama
30000000,18.165957,113,6.6,275,2002,Comedy
29000000,8.93941,100,5.0,85,2002,Comedy
29000000,20.55509,91,5.5,431,2016,Comedy
0,3.735723,157,6.9,51,1987,Drama
0,4.310168,112,6.3,26,1999,Comedy
12000000,12.653831,87,4.9,287,2004,Comedy
29000000,24.240361,103,6.8,455,2005,Drama
28000000,92.982009,90,7.4,3416,1992,Comedy
28000000,61.76233,147,7.7,1355,2015,Drama
28000000,66.976776,118,7.1,2781,1984,Action
60000000,21.252797,104,6.1,400,2001,Action
29000000,19.237254,110,6.6,392,2016,Comedy
29000000,27.555646,102,6.2,594,2003,Action
28000000,66.169628,131,7.5,3948,1988,Action
28000000,24.917665,99,6.4,564,2008,Comedy
28000000,57.518472,130,7.3,2607,2015,Comedy
0,11.870161,120,6.2,127,2009,Comedy
28000000,7.534003,135,7.0,159,2004,Drama
28000000,44.529429,101,6.8,1016,2004,Action
35000000,14.949395,103,5.5,427,2001,Comedy
21000000,24.13081,110,7.4,1286,2001,Comedy
28000000,28.043508,105,6.4,799,2013,Comedy
28000000,26.090746,127,6.3,490,1981,Action
28000000,14.530803,90,6.6,521,2001,Comedy
27000000,13.308127,99,5.5,282,1994,Action
28000000,38.0958,89,6.1,1337,2001,Comedy
28000000,18.650748,96,6.4,471,1993,Comedy
28000000,15.794946,104,6.1,327,2007,Comedy
28000000,45.054936,117,7.1,4645,2010,Action
28000000,25.039383,83,5.6,531,2011,Action
28000000,22.14595,81,6.1,493,2014,Comedy
28000000,36.58383,135,7.7,1358,2005,Drama
28000000,94.056131,117,7.9,3509,1982,Drama
28000000,41.638961,113,6.0,883,2014,Action
21000000,14.518708,117,6.5,323,2007,Drama
28000000,22.074306,103,5.8,491,2006,Comedy
28000000,4.436792,119,6.0,69,1999,Comedy
28000000,14.639324,94,5.5,345,2010,Action
28000000,1.767479,86,5.5,46,1997,Comedy
28000000,13.145205,98,4.8,296,2001,Action
28000000,12.921594,108,5.8,195,2015,Comedy
28000000,28.397048,108,5.5,640,2016,Comedy
28000000,7.039189,134,6.8,91,1997,Drama
27000000,16.785866,110,6.2,244,2008,Comedy
28000000,40.28635,103,6.3,2224,2013,Action
24000000,6.009644,145,5.6,61,2006,Action
28000000,25.520976,90,5.7,615,2014,Action
27500000,25.633663,131,6.2,527,1983,Action
30000000,22.527211,129,6.2,1214,2007,Comedy
30000000,24.09152,109,7.1,598,2009,Drama
35000000,6.248273,114,5.7,57,2008,Comedy
8000000,9.548391,163,6.9,67,1984,Drama
15000000,12.576381,92,6.9,235,2006,Drama
27500000,12.741073,120,6.2,205,2007,Drama
27000000,16.188572,113,6.7,413,1991,Action
27000000,5.576937,116,5.6,65,2002,Comedy
27000000,18.913,115,6.2,345,1997,Drama
27000000,44.714264,133,7.5,1065,1980,Action
27000000,11.870301,117,6.0,238,2008,Comedy
0,5.753705,117,6.7,33,2012,Comedy
27000000,28.227984,101,6.6,607,2002,Comedy
27000000,11.678561,82,5.5,247,1999,Action
27000000,36.921445,110,7.4,1323,2006,Drama
27000000,17.567332,193,7.3,235,1983,Drama
30000000,16.698316,130,6.3,288,2011,Drama
27000000,47.862016,102,7.0,1002,1984,Drama
0,18.591657,110,6.7,396,2008,Drama
27000000,3.123583,113,5.9,44,1998,Action
0,5.737161,106,6.8,79,2007,Drama
27000000,14.788073,89,4.4,222,2011,Action
28,9.670031,93,5.9,173,2001,Action
0,5.271559,112,5.9,56,1999,Comedy
25000000,8.31653,104,5.2,127,2008,Comedy
0,2.653988,120,5.9,23,2003,Drama
0,0.548435,133,6.9,6,2006,Comedy
26000000,31.250383,91,5.2,788,2009,Action
26000000,24.345651,97,6.0,879,2003,Comedy
26000000,38.473732,116,6.2,1983,2005,Comedy
28000000,61.309619,113,6.2,1131,2014,Drama
15000000,5.411154,111,5.8,628,1990,Comedy
27000000,41.832392,111,6.6,1148,2008,Action
26000000,21.988861,121,6.8,399,1998,Comedy
26000000,24.114459,115,6.3,404,1990,Drama
22000000,20.256571,175,6.9,207,1977,Drama
26000000,39.742009,106,7.3,1112,2000,Action
25000000,31.893932,130,6.1,1573,2013,Action
0,15.376391,109,5.9,194,2004,Comedy
26000000,10.981038,127,7.1,146,1985,Action
26000000,22.07638,104,6.8,633,2009,Drama
26000000,10.925618,100,5.2,144,2004,Comedy
56000000,21.219292,118,5.7,718,2011,Comedy
42000000,14.831402,118,5.8,198,2001,Drama
30000000,3.314094,110,4.8,54,2004,Comedy
26000000,7.964451,99,4.5,110,1994,Action
26000000,1.492056,101,5.5,34,1996,Drama
0,9.317265,103,6.5,165,2001,Comedy
26000000,5.644844,100,3.9,95,2015,Comedy
25000000,20.679652,129,6.8,417,2005,Drama
30000000,38.171417,127,6.9,864,2004,Drama
25000000,30.884535,125,7.0,1591,1993,Comedy
25000000,49.510658,133,7.6,1709,1988,Drama
33000000,50.7453,116,7.8,3086,2008,Drama
25100000,10.445391,131,6.1,143,2008,Drama
25000000,80.879032,93,7.2,4369,2008,Action
26000000,33.93914,117,7.2,765,2014,Drama
25000000,26.576385,129,6.1,661,1992,Action
22000000,104.469351,195,8.3,4329,1993,Drama
25000000,42.191509,146,7.8,1910,2011,Drama
28000000,20.267062,128,5.7,364,2013,Drama
0,22.644275,93,5.4,500,2004,Comedy
0,7.336256,100,4.7,64,2014,Drama
25000000,12.739721,83,5.6,231,2001,Action
25000000,46.942396,85,6.4,2251,2008,Action
25000000,15.505137,88,5.8,286,1991,Action
25000000,38.272889,119,7.6,1384,1987,Drama
25000000,53.645267,122,7.7,3003,2007,Drama
25000000,28.468,99,6.1,853,2014,Action
25000000,35.310712,97,6.5,1356,2001,Comedy
25000000,28.727731,121,6.8,951,2000,Comedy
45000000,4.340616,95,5.1,377,2003,Comedy
25000000,14.604911,104,5.7,210,2012,Comedy
25000000,38.688822,107,6.1,1331,2011,Comedy
25000000,30.537845,130,7.4,626,1993,Action
25000000,19.750059,115,6.0,330,2000,Action
25000000,26.811541,101,6.8,946,2012,Drama
60000000,40.646102,96,7.0,1113,2007,Drama
25000000,34.160448,106,7.2,1223,2004,Drama
0,5.377155,100,7.0,35,2013,Comedy
25000000,48.552871,117,6.4,1451,2012,Action
26000000,29.342744,94,6.7,1493,2004,Comedy
25000000,63.654244,145,8.2,3128,1990,Drama
28000000,11.859396,102,5.0,284,2003,Action
25000000,24.356483,97,6.4,711,2005,Comedy
25000000,70.105981,170,8.0,2948,1983,Action
25000000,8.618208,97,6.3,174,1997,Action
23000000,21.189028,163,7.4,355,1987,Drama
25000000,31.364901,109,6.1,770,2012,Action
0,7.615653,97,5.9,87,1997,Action
25000000,37.817905,158,7.9,1537,2007,Drama
25000000,6.086083,86,5.5,112,2002,Action
25000000,17.17372,119,6.3,386,2005,Comedy
25000000,16.936576,98,6.4,298,2001,Action
25000000,25.838073,97,5.6,529,2008,Comedy
25000000,5.625632,105,5.4,115,2005,Comedy
25000000,17.312433,124,6.6,259,2014,Drama
25000000,53.811461,94,6.4,1798,2014,Drama
0,7.057765,105,5.8,368,2003,Comedy
25000000,21.729434,101,5.5,444,2007,Comedy
25000000,12.837116,101,5.8,236,2003,Action
25000000,20.953265,114,7.0,451,2002,Drama
20000000,10.81439,105,6.4,671,2006,Comedy
25000000,27.683874,90,6.1,663,2007,Comedy
20000000,9.855474,97,4.9,199,2004,Action
25500000,12.756344,128,6.0,171,2013,Drama
25000000,29.533437,114,7.1,797,2007,Drama
30000000,14.179538,124,7.1,334,1998,Drama
25000000,14.340095,89,5.5,350,1998,Comedy
25485000,9.795985,144,6.9,147,1970,Action
25000000,6.889437,93,4.7,123,1997,Comedy
25000000,19.428994,81,5.4,325,2011,Comedy
0,7.326034,83,4.7,71,2009,Action
25000000,136.747729,142,8.5,8205,1994,Drama
21150000,6.081772,92,4.7,146,2001,Comedy
27000000,17.329269,113,6.7,244,1996,Comedy
25000000,22.622453,111,5.7,543,2014,Drama
25000000,20.561682,121,6.9,483,2013,Comedy
25000000,13.288177,98,5.9,185,2005,Comedy
30000000,19.212552,107,6.5,318,2005,Comedy
23000000,29.365851,106,7.2,661,2016,Comedy
25000000,10.232599,136,6.7,134,1998,Drama
25000000,8.870614,97,6.2,183,1994,Comedy
25000000,19.402816,115,6.6,1262,2010,Drama
25000000,24.903418,97,6.2,515,2010,Action
25000000,18.896239,103,6.0,414,2007,Action
25000000,15.960916,95,6.9,530,2002,Comedy
25000000,25.848003,93,6.5,656,2004,Comedy
13000000,6.337063,98,4.6,82,2002,Action
26000000,10.006282,90,5.4,66,2006,Comedy
0,2.753501,107,4.7,28,1988,Drama
25000000,7.538513,120,6.9,110,2005,Drama
8000000,13.715715,91,5.6,265,2008,Drama
25000000,3.707511,108,4.3,29,2000,Comedy
25000000,7.001176,107,5.2,147,2010,Drama
25000000,39.784026,108,6.3,824,2004,Comedy
25000000,10.115011,100,5.2,101,1996,Action
0,7.321181,85,4.4,46,2002,Action
0,6.309587,88,6.3,313,2007,Action
25,4.88794,145,7.0,59,1999,Drama
25000000,14.17009,109,6.5,304,2014,Drama
25000000,9.169271,122,6.2,137,2010,Drama
25000000,8.127728,107,7.0,210,2005,Drama
25000000,10.699952,120,6.0,378,2015,Drama
25000000,29.796394,99,7.1,705,1986,Action
0,11.60921,104,5.6,194,2012,Comedy
25000000,51.915025,140,7.7,1272,2011,Action
28000000,8.314624,132,6.7,97,1996,Drama
0,5.529035,254,6.6,90,1993,Drama
25000000,4.002579,113,6.1,82,2008,Drama
25000000,3.888776,99,4.6,45,2002,Drama
25000000,7.296459,100,6.2,111,1999,Drama
25000000,7.946769,105,5.3,25,1996,Comedy
25000000,7.473455,110,5.5,144,2011,Drama
25000000,5.073536,116,6.4,60,2006,Comedy
0,3.623002,92,5.7,34,1991,Action
32000000,41.075532,111,6.8,1087,2009,Drama
25000000,4.020194,117,5.0,22,1984,Action
0,2.083856,95,5.5,28,2005,Action
25000000,2.909346,95,4.8,47,2001,Comedy
25000000,8.450513,127,7.3,166,2005,Drama
25000000,8.186936,98,5.5,138,1995,Action
0,5.079017,95,5.1,14,2005,Comedy
25000000,17.603823,121,6.4,387,2008,Drama
25000000,7.008216,95,3.5,118,2005,Action
25000000,20.011435,80,7.0,738,2011,Comedy
25000000,4.051221,107,5.9,66,2005,Drama
25000000,3.849873,117,6.2,19,1998,Drama
25000000,3.593165,114,6.6,49,2009,Comedy
13500000,30.058263,124,7.7,704,2013,Drama
25000000,17.339852,122,6.0,326,2009,Drama
25000000,15.279021,154,7.1,380,2010,Comedy
0,5.000126,117,6.0,21,2010,Drama
25000000,35.022029,117,5.0,712,2013,Drama
25000000,12.31708,121,6.2,227,2011,Action
25000000,1.894749,128,7.0,31,1970,Action
25000000,6.895866,100,6.5,114,2014,Action
25000000,3.344158,100,4.1,26,2014,Action
14000000,14.480628,119,7.0,257,1988,Drama
25000000,14.613152,137,5.5,301,2012,Drama
24000000,30.445257,102,6.5,835,2006,Drama
25000000,15.333575,98,5.4,285,2016,Action
24000000,15.237142,105,6.4,225,2014,Comedy
41300000,23.441135,98,6.2,531,2000,Comedy
8200000,25.03414,107,6.4,505,1984,Drama
24000000,24.70166,91,6.6,541,2003,Comedy
24000000,16.146572,137,7.2,341,1991,Comedy
24000000,5.771479,115,6.1,67,2000,Comedy
24000000,27.326466,102,6.1,721,2008,Comedy
24000000,3.572339,108,5.9,111,2000,Comedy
24000000,20.69219,93,5.9,742,2009,Comedy
0,1.903405,88,5.5,24,2001,Action
40000000,10.713521,127,7.6,721,1999,Drama
17000000,7.701041,95,5.5,160,2004,Comedy
24000000,6.589193,87,5.8,92,1999,Comedy
24000000,3.113009,107,4.7,49,2000,Action
24000000,5.566203,124,5.7,53,1999,Comedy
24000000,8.630825,89,5.0,141,2011,Comedy
24000000,23.343839,88,5.3,581,2010,Comedy
23000000,6.138213,118,6.5,55,2004,Drama
24000000,2.353441,93,4.1,19,1998,Comedy
0,0.515677,120,5.4,15,2004,Drama
24000000,26.324874,98,6.1,568,2010,Action
23600000,57.300674,88,7.2,3550,2009,Comedy
23000000,23.839127,90,5.9,512,1998,Comedy
18000000,78.51783,124,8.2,5879,1980,Action
19000000,33.872182,118,6.5,1699,1995,Action
23000000,27.33256,85,6.6,546,1991,Comedy
12500000,20.317469,101,6.5,910,2011,Drama
23000000,18.493202,108,6.7,1789,2000,Action
23000000,7.901891,97,6.0,118,2001,Comedy
23000000,53.682367,126,7.9,4097,2013,Drama
23000000,11.183197,97,6.3,325,2001,Drama
23000000,8.976738,114,5.9,66,1999,Comedy
0,2.634119,88,6.4,11,2000,Action
23000000,26.257951,93,5.6,505,2011,Action
0,6.130231,98,6.6,124,1996,Drama
0,4.030724,94,6.5,11,2008,Drama
23000000,6.921263,102,6.6,55,1999,Drama
23000000,12.869436,98,6.1,82,1991,Action
23000000,15.676123,124,6.6,261,2007,Drama
0,8.426589,110,6.6,246,2009,Drama
11000000,11.071522,90,5.8,101,2015,Drama
23000000,5.494047,86,5.9,56,2009,Comedy
23000000,6.618149,141,5.5,73,2004,Drama
23000000,7.876883,139,6.5,57,2009,Action
22700000,39.890798,96,6.7,902,1987,Comedy
22500000,22.096286,112,6.8,431,2014,Drama
22000000,41.967005,127,6.9,1339,1990,Drama
23000000,57.110486,119,6.5,1590,1998,Comedy
22000000,16.234053,97,6.3,489,1994,Comedy
20000000,11.263361,127,6.5,110,2002,Drama
22000000,20.699212,110,6.0,428,2007,Comedy
24000000,17.606087,135,7.3,385,1995,Drama
22000000,13.786075,84,4.6,304,2001,Action
22000000,35.227212,191,7.4,716,1982,Drama
22000000,27.898438,122,7.3,508,2014,Drama
22000000,23.218144,114,5.6,354,1995,Action
22000000,26.071644,132,7.2,530,2001,Drama
22000000,9.175762,138,5.9,83,2014,Drama
22000000,81.829237,121,6.6,2512,2003,Action
22000000,17.7091,108,6.1,319,2005,Drama
22000000,17.772518,108,6.0,301,2009,Comedy
22000000,5.609755,131,6.8,61,1993,Drama
22000000,10.259461,83,4.7,225,2005,Comedy
26000000,30.114383,105,6.2,551,2013,Comedy
22000000,12.887673,90,5.4,154,2001,Comedy
22000000,13.410919,94,6.0,223,2012,Comedy
0,3.70789,142,6.3,112,1999,Drama
22000000,21.865021,104,6.4,480,2001,Comedy
30000000,9.448517,106,5.4,201,2001,Drama
22000000,39.006187,106,5.7,1309,2016,Comedy
22000000,6.404571,98,5.3,72,2001,Comedy
22000000,35.737655,100,6.4,875,2013,Action
22000000,14.925633,106,6.2,239,2004,Comedy
22000000,14.725467,104,4.2,305,1993,Action
0,0.809588,104,3.6,8,2001,Action
0,0.816883,107,4.9,8,1970,Comedy
70000000,8.792054,77,3.8,48,1999,Comedy
25000000,25.002715,96,5.2,559,2015,Action
0,7.588597,114,5.9,128,2004,Drama
21000000,13.906611,145,7.2,277,2006,Drama
22000000,13.960945,116,7.2,212,2005,Drama
2000000,16.668854,100,5.5,224,2012,Action
0,6.847133,104,5.9,140,2008,Action
22000000,9.088209,121,7.4,98,1977,Action
22000000,12.445176,105,5.2,192,2010,Drama
0,4.61335,115,6.7,45,2007,Comedy
22000000,29.230298,116,6.5,720,2013,Drama
25000000,18.961323,119,6.5,501,2007,Drama
0,2.809378,101,6.3,46,1996,Comedy
21500000,12.819447,117,7.0,239,1999,Drama
17000000,15.013386,111,5.6,546,2012,Comedy
18000000,8.700565,136,5.5,139,1982,Action
21000000,27.197799,81,7.1,893,1999,Comedy
9000000,20.410354,90,6.9,497,2007,Comedy
21000000,10.207065,96,5.1,184,1993,Action
32000000,5.683281,106,6.3,123,2001,Comedy
21000000,63.599973,122,6.9,4742,2012,Comedy
21000000,17.746981,123,7.5,356,2007,Drama
0,1.934524,134,7.0,22,2010,Drama
21000000,34.433521,92,6.6,1692,2002,Action
20000000,26.21425,115,6.4,497,2008,Action
17000000,10.13559,98,6.7,189,2009,Comedy
21000000,5.815881,120,5.8,65,2008,Comedy
21000000,8.982335,117,6.5,52,2002,Drama
30000000,33.649652,127,6.6,840,2011,Drama
0,2.636193,102,5.5,14,1999,Comedy
21000000,13.847872,91,6.3,276,2011,Drama
35000000,4.189378,114,5.9,41,1982,Comedy
15000000,21.928025,97,6.7,475,1999,Action
18000000,68.159596,115,7.7,3854,1981,Action
18000000,81.487685,120,6.3,2395,1992,Comedy
20000000,52.456505,135,7.2,1098,1977,Drama
20000000,25.28436,100,6.1,613,1987,Action
20000000,8.351385,105,5.4,183,2003,Comedy
19000000,18.174804,119,8.1,4443,1991,Drama
20000000,21.815122,94,6.5,728,1992,Comedy
20000000,20.99174,94,6.4,428,2010,Action
20000000,12.25264,91,4.9,209,2008,Comedy
32000000,13.590677,95,5.2,221,2005,Comedy
20000000,21.657563,97,5.0,500,2014,Comedy
35000000,43.057323,108,6.7,1414,2003,Comedy
18000000,16.470895,101,5.4,442,1995,Action
37000000,28.703007,109,6.3,679,2004,Comedy
20000000,40.903931,115,6.7,934,2011,Comedy
20000000,22.001408,117,6.7,383,2003,Comedy
0,23.139971,107,6.9,923,2010,Drama
20000000,95.9229,134,7.9,3674,2013,Drama
20000000,4.748929,118,6.2,116,2002,Comedy
20000000,2.986286,121,6.1,29,2010,Comedy
20000000,47.51363,105,7.5,3601,1990,Drama
20000000,53.161905,110,7.6,2562,2016,Drama
0,7.050951,114,5.9,52,2012,Comedy
1800000,15.978136,104,7.4,422,1971,Action
20000000,42.512296,100,6.3,1252,2016,Comedy
20000000,10.098722,83,3.6,222,2006,Comedy
20000000,29.023184,127,7.4,817,2014,Drama
20000000,11.62423,89,4.6,191,2005,Drama
20000000,22.049787,96,5.8,381,2007,Drama
20000000,14.136476,111,6.8,276,2015,Drama
20000000,6.064638,86,3.2,326,2007,Action
20000000,41.503588,128,7.8,2686,2015,Drama
20000000,20.495749,110,5.9,292,2008,Drama
20000000,2.003047,124,6.0,24,1998,Comedy
0,11.349664,98,5.9,308,1991,Comedy
20000000,11.203335,115,5.8,129,2006,Comedy
20000000,8.265317,98,6.1,131,1979,Action
20000000,18.632156,104,5.8,481,2010,Drama
20000000,6.92592,127,7.0,114,1997,Drama
20000000,17.165039,82,4.2,315,2010,Comedy
25000000,25.785925,143,6.9,1055,2006,Drama
19800000,20.311684,103,6.5,505,2014,Comedy
20000000,20.975165,104,7.0,435,2008,Drama
32000000,26.509175,98,6.6,660,2004,Action
0,14.211699,124,6.4,194,1995,Drama
20000000,36.819044,86,4.6,793,2013,Comedy
20000000,7.902536,158,6.2,63,1969,Action
20000000,30.909699,128,7.1,612,2008,Drama
20000000,16.663797,107,5.7,295,2016,Action
19000000,17.971883,108,6.0,328,2011,Comedy
20000000,25.041992,108,6.3,444,1998,Drama
20000000,14.857884,113,6.3,257,2010,Drama
30000000,23.982956,113,7.0,628,2000,Comedy
20000000,3.996392,101,5.8,63,1996,Drama
20000000,30.387754,112,6.6,697,2008,Drama
20000000,56.481487,108,7.9,3652,2004,Drama
20000000,19.962713,105,6.0,368,2010,Comedy
20000000,18.666876,109,6.3,363,2008,Action
20000000,55.964605,109,6.7,1778,2013,Action
0,5.0348,99,5.8,143,2007,Action
20000000,28.019226,98,6.0,634,2009,Action
20000000,16.176976,104,5.9,525,2010,Comedy
20000000,17.237143,109,6.0,593,2011,Comedy
0,11.360997,119,6.5,119,1990,Action
20000000,15.804814,97,5.2,288,2006,Action
0,9.750557,105,6.3,148,2006,Comedy
40000000,4.100942,89,5.1,44,2009,Comedy
20000000,12.309715,106,6.7,175,1995,Comedy
20000000,16.074397,115,6.3,299,2008,Drama
20000000,17.016284,108,5.8,255,1998,Action
806948,93.067866,109,8.2,2320,1960,Drama
20000000,17.145287,101,5.4,220,2008,Comedy
20000000,27.256849,103,6.7,542,2014,Drama
20000000,7.878177,113,5.6,130,2007,Comedy
20000000,0.173964,98,4.9,7,1981,Comedy
20000000,14.370111,121,6.8,260,1985,Drama
20000000,11.090254,114,6.5,52,1998,Comedy
20000000,20.82778,124,7.1,334,2007,Drama
15000000,43.644978,148,7.8,3045,2007,Drama
20000000,8.244324,100,5.6,111,2006,Comedy
19000000,64.181668,108,6.9,1603,1996,Action
0,4.031585,103,6.3,39,1995,Comedy
20000000,13.658985,99,7.2,831,2004,Action
35000000,6.908351,88,4.3,20,2002,Comedy
20000000,10.446722,128,7.3,394,2007,Drama
20000000,32.243357,124,7.2,918,2003,Drama
20000000,9.149089,84,5.8,52,2004,Action
20000000,5.596835,101,5.3,83,2003,Comedy
0,5.214408,98,5.0,120,2000,Comedy
20000000,3.011205,199,6.5,41,1965,Drama
19500000,15.012237,111,6.2,336,2015,Drama
25000000,16.238961,87,3.0,240,2008,Action
20000000,15.21229,88,5.5,208,2009,Action
20000000,6.397042,97,6.5,125,1997,Action
20000000,19.220789,106,6.2,671,2011,Comedy
20000000,35.232278,95,5.8,715,2012,Action
40000000,9.842771,99,4.8,139,2004,Comedy
20000000,35.542809,96,5.9,861,2009,Action
0,7.829295,98,7.0,130,1994,Action
20000000,3.476925,123,6.1,12,2006,Drama
30000000,5.133744,101,6.4,81,2002,Action
20000000,14.031377,101,6.0,289,2005,Comedy
20000000,17.227376,96,6.1,139,2002,Action
0,17.98817,102,6.4,286,2008,Comedy
20000000,15.66135,108,5.7,220,2009,Action
20000000,19.705311,116,6.7,641,2010,Drama
0,2.645722,93,4.5,48,1994,Action
0,17.662683,102,6.2,424,2008,Comedy
0,2.894154,103,6.4,62,2005,Comedy
20000000,29.371987,115,5.6,797,2016,Action
20000000,11.352693,96,7.3,187,1997,Comedy
20000000,7.553773,98,5.4,62,1999,Comedy
20000000,30.477114,100,6.3,950,2015,Drama
20000000,9.927018,106,5.6,105,1989,Comedy
20000000,12.379781,101,6.5,147,1996,Comedy
20000000,12.643703,105,6.5,297,2007,Action
21000000,15.440465,99,6.5,284,2009,Drama
0,5.886228,88,1.9,35,2004,Comedy
0,6.925645,83,5.4,133,2005,Action
20000000,9.36146,84,4.7,78,2007,Action
20000000,6.102663,98,6.4,24,2004,Comedy
8000000,0.709143,149,6.5,15,1969,Comedy
20000000,45.742217,148,6.5,833,2014,Comedy
20000000,8.237336,110,5.9,88,2013,Drama
20000000,2.605374,83,4.1,20,2008,Comedy
12000000,29.072964,107,5.3,631,2013,Action
0,4.961306,87,4.7,69,2008,Comedy
0,8.628519,160,6.7,41,1999,Comedy
20000000,12.232048,106,7.0,185,2015,Comedy
15000000,27.133277,99,6.2,571,2011,Drama
0,13.621201,117,7.0,216,2012,Drama
20000000,9.292987,96,3.1,173,2005,Action
20000000,7.716606,111,5.4,126,2009,Comedy
20000000,7.698075,100,5.9,179,2004,Drama
20000000,37.629309,125,6.5,546,2014,Drama
0,2.405911,114,6.3,26,2008,Drama
0,3.350297,119,6.3,59,2008,Drama
20000000,13.032308,135,6.6,195,2007,Drama
20000000,15.131867,93,4.8,271,2012,Action
20000000,10.218307,114,6.8,203,2008,Comedy
21000000,12.761176,124,7.4,278,2008,Drama
0,0.49446,114,5.7,20,2003,Comedy
0,6.574285,124,4.9,9,1980,Comedy
2000000,14.617944,104,7.1,218,2005,Action
20000000,3.102987,118,6.8,36,2015,Drama
20000000,5.65327,84,3.3,12,2003,Comedy
20000000,44.566609,107,6.9,1552,2002,Action
40000000,8.978408,125,6.5,52,2008,Drama
0,10.150993,115,6.0,97,2000,Action
10000000,11.267676,122,5.4,156,2015,Drama
0,2.013405,101,5.8,14,2005,Drama
0,20.086645,101,5.9,286,2010,Drama
0,12.373248,86,6.1,107,2008,Comedy
0,12.283025,118,5.8,221,1998,Comedy
20000000,10.617236,107,4.5,139,2011,Action
20000000,6.377308,100,5.5,48,2002,Drama
20000000,3.620537,110,6.0,31,2010,Drama
0,4.127155,102,6.6,35,2008,Action
20000000,13.118983,95,6.3,130,2007,Drama
20000000,14.182301,83,5.3,68,2012,Comedy
0,0.416179,170,5.0,3,2014,Drama
20000000,7.444189,105,6.1,109,2016,Drama
19400000,20.746932,125,7.1,312,2006,Drama
27000000,7.727035,150,7.1,157,2008,Action
22000000,45.707835,181,7.6,1046,1990,Drama
20000000,28.497242,92,5.4,1584,2011,Comedy
19000000,11.47316,113,6.7,141,1989,Drama
19000000,25.28132,95,6.1,713,2004,Comedy
19000000,76.603233,116,8.0,6079,1985,Comedy
0,2.242809,113,6.0,40,2009,Comedy
27000000,1.224105,90,3.9,8,2016,Action
19000000,27.494037,101,5.9,583,2010,Comedy
18000000,18.47518,95,5.3,404,2003,Comedy
19100000,10.559414,109,6.5,208,2011,Action
0,1.916351,85,4.6,8,2000,Drama
20000000,28.867568,101,6.2,633,2010,Action
0,3.376967,110,5.9,43,2013,Action
25000000,7.436491,132,6.5,108,1984,Action
0,57.84156,131,7.4,1486,2013,Drama
19000000,17.952817,109,6.0,342,2008,Comedy
19000000,21.959742,100,6.4,465,2010,Comedy
19000000,4.229942,188,6.0,33,1964,Drama
19000000,11.766564,97,6.2,208,2011,Comedy
0,2.366251,121,5.8,40,2012,Drama
18000000,5.380733,116,6.1,12,1996,Drama
0,5.625989,110,6.8,69,2016,Drama
19000000,30.205943,90,6.0,588,2005,Drama
19000000,26.441669,114,7.3,638,2002,Comedy
0,1.583918,107,5.8,11,2013,Action
18500000,44.511363,118,7.2,1301,1998,Comedy
18500000,16.665841,100,6.0,518,2009,Comedy
18000000,36.471231,96,6.2,2713,2014,Comedy
23000000,85.30318,101,6.6,2472,1994,Comedy
18000000,20.716023,104,6.9,993,1988,Comedy
18000000,29.487784,82,6.5,1579,2006,Comedy
18000000,25.43954,96,6.1,882,2001,Comedy
18000000,15.314027,105,6.4,434,1984,Action
19000000,32.602868,122,6.3,659,2005,Drama
17000000,9.832326,88,5.5,308,1999,Comedy
16000000,33.452469,110,3.7,392,2014,Action
0,14.190837,103,6.2,249,2005,Comedy
18000000,6.501815,106,5.6,74,2004,Comedy
23000000,26.58873,91,6.5,656,2003,Comedy
16500000,36.15716,94,6.5,1013,1997,Comedy
18000000,16.027955,94,5.5,322,2016,Comedy
21000000,14.329891,99,6.3,238,2011,Comedy
18000000,50.009408,107,7.3,2093,1987,Action
18000000,31.82675,160,7.8,1076,1984,Drama
17000000,36.423717,97,6.9,2320,2004,Comedy
0,12.309718,113,6.4,172,2003,Comedy
19800000,11.693272,137,6.8,246,2001,Drama
18000000,12.243887,103,5.9,136,1986,Comedy
18000000,89.811154,119,7.4,4535,2014,Comedy
18000000,34.694216,98,7.0,1098,2013,Comedy
15000000,17.50138,111,6.9,367,2006,Action
18000000,11.238522,81,4.9,147,1996,Action
18000000,19.234672,106,6.9,342,2011,Action
18000000,4.504377,121,6.7,72,1970,Comedy
0,10.529143,86,5.6,225,2009,Comedy
18000000,18.379124,103,5.8,383,1984,Action
18000000,35.524457,129,7.7,938,1980,Drama
18000000,13.472365,109,5.6,180,2009,Drama
18000000,8.321586,109,6.7,167,1985,Action
0,7.668063,107,5.5,135,2009,Comedy
18000000,52.464877,94,7.0,2606,2010,Drama
0,11.423533,94,6.4,155,2000,Action
18000000,6.961736,115,6.8,90,2000,Drama
17000000,9.191187,107,5.4,167,2015,Comedy
18000000,4.492859,92,4.9,76,2004,Action
18000000,5.706767,125,7.2,120,2001,Drama
30000000,53.670525,122,6.8,1573,2015,Drama
18000000,14.15192,102,5.1,197,2009,Comedy
18000000,13.462544,87,5.9,319,2009,Comedy
18000000,11.725805,98,3.7,14,1981,Action
21000000,7.047975,109,6.2,92,2001,Drama
18000000,13.628601,108,7.3,236,1981,Drama
18000000,16.520516,90,4.9,246,2013,Action
18000000,14.916264,112,6.9,176,1997,Drama
18000000,9.633711,94,5.7,164,2014,Comedy
0,3.455018,105,5.6,56,1989,Comedy
0,1.946634,104,6.4,23,2004,Comedy
17000000,12.313143,117,5.8,177,1986,Drama
0,3.659292,112,6.7,55,2009,Drama
18000000,24.548633,127,7.3,630,1994,Comedy
18000000,17.683563,111,6.7,299,2013,Drama
18000000,31.887978,114,6.9,836,2008,Action
0,1.110179,99,3.5,15,1982,Action
0,9.814785,242,7.3,117,1996,Drama
25000000,1.876811,117,6.8,28,2009,Drama
18000000,32.717853,112,6.2,694,2016,Drama
0,8.945081,108,6.2,149,2003,Comedy
18000000,13.916583,116,6.7,273,2013,Drama
15238800,17.94739,144,7.2,255,2009,Drama
2700000,10.47644,93,5.9,108,1986,Action
18000000,10.991281,103,7.0,104,2002,Drama
18000000,6.333869,98,4.4,60,2008,Drama
18000000,1.138383,338,6.7,50,2010,Drama
18000000,8.266124,114,5.6,20,2009,Drama
0,0.910529,121,9.3,2,1999,Action
18000000,10.144222,92,4.5,179,2016,Action
18000000,9.244181,105,6.7,77,2006,Action
17900000,12.752463,89,5.0,206,1985,Action
20000000,33.436092,113,7.0,2100,2007,Comedy
0,3.107371,103,6.4,52,2009,Comedy
18000000,7.922639,90,5.7,82,2014,Action
23000000,28.973074,98,6.5,640,2008,Drama
15000000,23.980329,80,5.9,479,2005,Comedy
17500000,28.60542,121,7.5,793,2004,Drama
24000000,42.669304,89,5.9,966,2007,Action
17500000,7.180403,93,5.8,16,2013,Drama
18000000,21.638673,93,4.6,218,2014,Action
0,25.881355,101,7.4,1660,2001,Drama
18500000,67.66094,137,7.7,3220,1986,Action
17000000,20.786616,170,7.4,352,1964,Drama
17000000,70.668923,104,6.4,1219,2014,Comedy
16000000,23.425431,126,6.9,478,2004,Comedy
17500000,14.304444,110,5.8,172,2006,Comedy
17000000,3.56033,87,4.7,30,2003,Comedy
17000000,7.210095,123,6.7,110,2013,Comedy
17000000,23.491962,109,6.4,534,2006,Action
17000000,14.18136,94,5.2,297,2002,Comedy
17000000,12.709227,81,5.9,198,1998,Comedy
17000000,24.054062,86,6.0,849,2011,Drama
0,10.149569,98,5.1,64,2003,Comedy
0,14.023082,128,7.4,213,2015,Drama
0,9.054803,99,5.6,54,2010,Comedy
20000000,5.422285,105,6.0,32,2006,Drama
17000000,32.746486,112,7.3,2247,2012,Comedy
34000000,3.960098,108,4.8,63,2001,Comedy
0,10.178917,121,6.9,187,1998,Drama
0,2.184708,89,3.3,17,2006,Comedy
17000000,18.790102,133,6.2,293,2009,Drama
17000000,3.321095,154,6.3,36,1963,Action
17000000,5.787891,95,5.6,101,2009,Comedy
17000000,7.864011,107,4.9,95,2006,Comedy
17000000,17.062117,90,4.1,318,1987,Action
0,1.782666,94,3.0,6,2008,Drama
17000000,19.311572,122,7.0,331,2006,Action
0,2.897449,120,5.5,19,2004,Drama
40000000,36.960953,110,7.1,1615,2006,Drama
17000000,9.583578,98,6.8,59,2003,Drama
17000000,9.349386,144,5.2,153,2006,Action
17000000,2.215261,91,5.0,27,1977,Action
16500000,20.935169,102,7.0,428,1991,Comedy
16800000,4.358255,122,5.8,73,2006,Drama
15000000,24.898687,126,7.0,546,1987,Drama
16500000,20.898711,136,7.2,352,1995,Drama
16500000,18.236284,120,6.9,317,2007,Drama
16500000,10.74648,108,6.0,236,2007,Comedy
16500000,12.102725,126,7.0,199,2003,Drama
16400000,55.458584,129,8.1,2705,1989,Drama
16000000,35.777067,107,6.5,1859,1994,Comedy
16000000,18.430419,96,7.3,950,1989,Comedy
16000000,7.980632,129,7.4,131,1982,Drama
16000000,14.759948,93,5.9,542,2000,Comedy
0,9.229999,106,6.0,122,1999,Comedy
15000000,29.943316,100,7.3,1049,2011,Comedy
16000000,41.083914,94,7.6,1662,2012,Comedy
18500000,1.884558,120,6.4,30,2016,Drama
0,4.382761,80,3.7,78,2002,Comedy
19000000,90.809408,118,7.6,3041,2006,Drama
0,6.579017,94,4.8,44,2001,Action
16000000,7.854989,130,7.4,55,2001,Drama
16000000,11.807269,91,5.3,224,2011,Drama
17700000,15.976335,91,5.5,242,2001,Comedy
15000000,10.484642,110,5.3,215,1991,Action
12000000,38.623178,121,7.4,2199,2007,Action
16000000,8.8321,114,4.6,96,2008,Comedy
15000000,32.758254,96,6.7,1020,2008,Drama
25000000,6.091033,139,6.4,76,2007,Action
16000000,9.119797,94,5.4,103,2000,Comedy
0,9.423866,109,7.2,108,2002,Drama
16000000,32.257414,100,5.3,837,2009,Comedy
16000000,3.021835,96,5.4,43,2000,Comedy
16000000,7.612849,90,7.0,127,1987,Comedy
20000000,36.764666,113,6.9,948,2010,Drama
0,3.199784,99,5.7,42,2003,Comedy
20000000,9.455596,108,5.3,131,1988,Comedy
26000000,44.301745,125,7.6,988,1993,Drama
16000000,0.830596,97,4.6,10,2004,Comedy
0,2.637355,107,5.1,36,1979,Action
0,2.25453,112,5.5,34,2000,Comedy
16000000,8.711782,112,6.4,113,2002,Comedy
6500000,5.700333,95,6.7,100,1999,Comedy
16000000,29.253833,116,6.8,624,1986,Action
16000000,8.842869,113,6.7,90,2007,Drama
16000000,2.848727,97,4.3,48,1997,Action
16000000,13.832464,117,6.2,250,2013,Drama
0,4.488547,135,6.9,21,2005,Drama
20000000,38.802415,101,6.5,956,2013,Drama
16000000,9.400404,86,4.7,108,2004,Comedy
11000000,18.923181,106,6.8,615,2008,Comedy
0,2.397987,96,6.3,29,2008,Drama
13000000,20.39955,161,7.2,387,2009,Drama
16000000,7.251897,93,4.8,91,2012,Comedy
16000000,43.217089,93,7.7,1717,2009,Drama
16000000,14.529496,110,6.7,172,2013,Drama
16000000,20.59148,122,6.4,258,2014,Drama
15600000,2.244947,91,4.2,20,2002,Comedy
0,1.326264,115,5.7,16,2002,Drama
0,0.212108,99,5.3,3,2001,Action
15500000,6.630856,93,5.5,16,2005,Drama
15300000,18.20957,94,6.2,283,2001,Action
15500000,17.327279,95,6.3,317,2006,Comedy
15000000,29.843818,105,6.8,961,1984,Action
18000000,2.186927,103,7.1,2414,1990,Comedy
0,12.335827,102,5.8,253,1987,Comedy
21000000,20.818567,116,6.9,421,1982,Comedy
15000000,58.900647,110,6.7,1698,1986,Action
17000000,45.742254,120,7.2,927,2000,Action
15000000,80.878605,122,7.9,3313,1999,Drama
15000000,54.053576,118,7.6,2752,2010,Drama
15000000,17.638286,107,5.7,559,1988,Comedy
15000000,3.803495,102,6.4,52,2008,Drama
15000000,17.571533,154,7.7,338,1985,Drama
16000000,4.628525,120,6.5,48,2009,Action
14000000,145.364591,113,8.0,5723,2014,Drama
0,12.18838,109,6.0,102,1980,Comedy
15000000,3.826685,125,7.2,67,1980,Drama
15000000,21.095489,92,5.9,355,2010,Comedy
15000000,22.838834,98,7.1,410,1983,Comedy
15000000,27.165222,92,6.0,680,2013,Comedy
15000000,19.113278,103,6.8,338,2006,Drama
15000000,58.553213,92,7.1,1444,1988,Comedy
15000000,2.005111,113,6.1,33,2007,Comedy
18000000,16.418639,115,7.0,215,1994,Drama
17000000,43.675191,95,6.1,1206,2012,Drama
15000000,9.125594,88,5.6,197,2002,Comedy
15000000,19.786392,183,7.8,921,1978,Drama
15000000,13.581966,97,6.7,270,1997,Comedy
17000000,11.927667,94,5.7,280,2003,Comedy
35000000,30.556135,112,5.8,1138,2013,Drama
15000000,31.565117,98,5.9,584,2015,Comedy
0,7.921311,118,6.9,72,1993,Drama
15000000,19.284129,104,6.6,382,1997,Action
16000000,23.423082,89,5.5,431,2001,Comedy
7000000,49.517264,109,7.2,1170,2012,Drama
15000000,11.375032,106,5.8,156,2000,Drama
15000000,61.182331,123,7.8,3311,2014,Drama
0,7.314796,86,4.7,77,2003,Comedy
15000000,6.857923,120,6.9,155,2000,Comedy
15000000,41.286336,216,7.8,851,1962,Drama
15000000,42.952942,115,7.0,951,2014,Drama
15000000,19.760383,110,6.2,440,2009,Drama
15000000,10.194097,88,6.2,230,2005,Comedy
16000000,44.533612,98,7.6,1486,1987,Comedy
15000000,10.84158,126,6.9,151,2007,Drama
15000000,49.294864,100,7.4,3725,2011,Action
15000000,7.424798,89,5.1,221,2004,Comedy
15000000,5.164281,111,5.6,72,1998,Comedy
15000000,7.297757,115,6.3,130,2014,Drama
14000000,3.334804,106,6.1,61,2005,Comedy
20000000,2.027393,124,7.4,88,2000,Action
0,13.817269,107,6.9,275,1997,Action
15000000,13.237835,99,4.7,295,2009,Comedy
15000000,19.517239,101,6.3,380,1996,Drama
15000000,30.669913,124,7.3,1105,2005,Drama
0,9.681147,103,6.1,245,2010,Comedy
11500000,15.355589,134,7.5,202,1993,Drama
15000000,19.85579,155,7.5,796,1997,Drama
0,11.689337,94,5.5,119,1993,Action
15000000,3.043589,95,6.1,52,2006,Drama
0,4.115398,90,6.4,128,2002,Drama
20000000,7.679336,92,5.0,163,2006,Action
15000000,18.268009,94,6.0,421,2016,Action
15000000,7.809701,117,5.9,80,2010,Drama
15000000,35.395129,140,6.8,1653,2013,Drama
15000000,45.317278,108,6.0,639,2014,Action
15000000,4.302941,109,5.3,42,1999,Drama
15000000,47.006162,131,7.2,1840,2008,Drama
15000000,11.379652,114,5.9,173,1984,Action
0,8.710294,87,4.6,115,2001,Comedy
0,1.800119,85,5.9,25,2008,Comedy
25000000,11.782725,87,4.4,104,2000,Action
0,2.711955,121,5.1,17,2006,Drama
15000000,16.629173,107,7.0,978,2011,Drama
15000000,20.05902,111,6.7,357,2009,Drama
0,9.87419,97,6.4,126,2003,Action
0,2.857936,97,5.3,31,1999,Comedy
20000000,3.138118,125,6.3,32,2004,Drama
15000000,6.684096,124,6.2,64,1989,Comedy
15000000,17.672021,96,5.2,358,2012,Action
15000000,3.033471,93,4.8,32,1998,Comedy
15000000,41.089863,132,7.5,861,1985,Comedy
15000000,10.9071,103,6.0,211,2004,Drama
15000000,49.230089,117,7.8,2926,1998,Comedy
15000000,11.429607,116,6.6,243,2006,Drama
15000000,6.373316,118,6.5,85,2002,Action
16000000,9.717392,100,6.7,95,2007,Drama
15000000,8.074807,94,5.0,37,2000,Comedy
20000000,7.034752,94,4.7,146,2002,Comedy
0,7.250379,97,6.7,127,2002,Comedy
0,0.116873,98,4.7,3,1998,Comedy
0,7.712206,91,5.5,44,2006,Drama
15000000,25.329493,107,7.4,1388,2008,Comedy
15,5.112809,95,5.6,26,2013,Comedy
15000000,13.832376,102,5.6,156,2008,Comedy
15000000,7.446069,89,5.0,100,2009,Comedy
15000000,13.568302,106,6.0,243,2012,Drama
15000000,21.857387,92,6.8,350,2009,Comedy
15000000,12.163832,121,7.0,177,2005,Drama
0,8.962245,120,6.0,90,1999,Comedy
15000000,32.690038,103,7.2,886,2005,Action
25000000,8.583217,92,6.1,182,1999,Comedy
15000000,31.60985,147,7.6,1477,2001,Drama
0,12.295216,98,5.4,87,2007,Drama
22000000,12.4654,98,5.8,251,2010,Comedy
15000000,30.983397,104,6.8,737,2010,Drama
0,1.485324,276,7.0,12,2007,Drama
15000000,5.484679,98,4.8,27,1986,Drama
0,5.770246,111,6.5,12,1999,Comedy
0,2.414721,100,5.5,31,2015,Drama
0,0.470645,116,6.6,23,1999,Drama
92620000,32.351527,153,8.0,657,1927,Drama
12000000,17.493735,84,6.5,565,2004,Action
8000000,6.932221,116.0,6.7,85,1995,Drama
15000000,8.142166,105.0,6.6,157,2015,Action
15000000,6.329672,98.0,6.5,93,2001,Comedy
0,7.744166,105.0,7.4,100,2003,Drama
8500000,9.029489,98.0,6.0,152,2008,Action
12000000,22.708647,97.0,5.9,386,2010,Action
15000000,2.609057,93.0,5.0,22,1996,Action
15000000,19.913961,98.0,6.0,290,2008,Drama
15000000,1.897761,107.0,5.2,5,2011,Drama
15000000,7.701186,90.0,4.8,92,2011,Drama
15000000,1.833058,99.0,6.1,7,2001,Action
15000000,12.185204,93.0,5.7,41,2007,Comedy
0,2.500218,141.0,5.6,31,2008,Drama
0,4.901936,105.0,4.8,36,2005,Action
15000000,0.738646,108.67179741807348,7.3,12,2015,Drama
15000000,5.294319,119.0,6.7,65,2009,Action
0,0.165367,124.0,4.5,2,2001,Drama
14600000,52.744331,101.0,7.4,2301,1993,Comedy
14800000,29.660993,115.0,6.3,706,2015,Comedy
14500000,41.493042,120.0,6.7,1374,1996,Drama
10000000,10.072199,111.0,7.2,196,2010,Drama
14500000,4.389363,98.0,5.8,9,2014,Drama
14200000,7.05145,139.0,6.9,78,2005,Drama
15000000,59.258969,120.0,7.6,2827,2008,Drama
14000000,16.742972,119.0,6.6,291,1987,Drama
14000000,45.473484,119.0,7.0,1746,1990,Comedy
0,15.474831,110.0,5.5,303,1988,Comedy
0,4.289676,101.0,5.0,10,2015,Drama
14000000,25.949277,145.0,6.7,395,1989,Drama
14000000,22.409117,98.0,6.8,491,1993,Comedy
13000000,6.92205,114.0,6.1,88,2007,Drama
14000000,27.17347,125.0,6.6,507,1977,Action
0,4.448494,111.0,6.2,45,2012,Comedy
14000000,13.13724,107.0,6.5,135,1991,Action
0,4.04701,81.0,5.1,83,1999,Comedy
13000000,23.3784,105,6.2,527,2011,Drama
0,1.446172,82,6.4,22,2002,Action
14000000,3.650857,109,6.9,47,1993,Drama
14000000,5.102258,95,5.8,48,2002,Action
14000000,6.772615,100,4.5,111,1995,Comedy
14000000,14.813614,83,4.4,180,2003,Comedy
14000000,6.733485,103,5.7,39,2010,Comedy
0,7.708227,96,5.6,49,1998,Comedy
12000000,2.238646,117,5.8,32,1999,Comedy
0,3.876242,155,6.1,67,1977,Drama
0,1.89218,115,6.7,31,1994,Comedy
11000000,4.536745,90,5.0,55,2007,Comedy
0,11.706309,120,6.4,119,2006,Drama
14000000,4.66723,86,5.3,73,2001,Comedy
14000000,7.487843,87,5.5,134,2012,Comedy
14000000,13.65494,112,7.4,283,2007,Drama
26000000,11.942862,136,6.9,240,2006,Drama
14000000,5.833687,90,5.5,68,2000,Drama
14000000,6.370267,107,6.2,21,1999,Drama
0,4.052219,101,6.4,25,2006,Action
14000000,0.900442,139,5.2,10,1995,Drama
0,8.387573,93,6.3,108,2008,Comedy
0,0.633004,127,5.8,1,1978,Action
0,9.242554,150,6.3,204,2014,Drama
0,1.866443,104,5.8,22,2009,Drama
0,5.930533,132,7.1,75,2002,Drama
12000000,4.930129,117,6.7,57,2010,Action
0,8.747922,113,6.3,55,2008,Comedy
14000000,4.898424,149,6.1,86,2011,Drama
108,7.410523,90,4.0,97,2009,Comedy
14000000,24.210698,89,7.4,418,2010,Drama
14000000,44.135568,134,7.5,1480,2005,Drama
12000000,16.051328,97,6.9,803,1995,Comedy
13500000,9.982885,107,6.9,144,2002,Drama
14000000,16.618874,93,5.0,354,2015,Comedy
13500000,7.261196,124,6.8,128,2000,Drama
15000000,32.306455,110,6.7,1206,2012,Comedy
0,4.722403,105,6.0,27,2001,Drama
18339750,32.445895,156,7.7,1037,2004,Drama
12806000,17.363739,125,7.2,219,2004,Drama
13300000,29.782161,108,6.0,1102,2014,Drama
13000000,18.362333,121,7.1,642,1987,Comedy
13400000,0.680753,100,4.7,7,2010,Action
13000000,91.285683,108,7.3,4430,2010,Drama
13000000,105.792936,200,8.3,3338,1974,Drama
13000000,9.969624,112,6.3,352,2001,Drama
16000000,10.248439,117,6.7,186,2016,Drama
13000000,25.316146,83,5.2,509,2000,Comedy
13000000,9.499325,107,6.6,258,1988,Action
13000000,43.791745,102,7.1,763,2014,Comedy
12500000,11.828068,100,6.0,210,2014,Comedy
16000000,54.550275,97,7.3,1701,1999,Comedy
13000000,13.525704,88,5.7,151,2002,Comedy
0,12.963328,84,5.7,157,1993,Comedy
17000000,60.829621,86,6.2,1567,2016,Drama
0,7.964289,89,4.8,51,2000,Comedy
13000000,2.388918,117,7.1,29,2007,Comedy
12000000,4.580081,97,3.3,75,1999,Comedy
13000000,6.425528,91,6.1,109,1998,Action
12000000,4.63093,100,5.7,46,1996,Comedy
13000000,16.681567,84,5.8,308,1990,Drama
15000000,95.130041,108,7.6,4737,2015,Drama
13000000,27.546914,112,7.3,1101,1999,Comedy
6000000,2.27213,90,6.6,17,2001,Comedy
13000000,6.130096,99,6.6,96,2001,Drama
19000000,24.47248,141,7.2,541,2006,Action
13000000,6.764437,104,6.2,123,2006,Comedy
13000000,1.750054,84,5.5,10,1998,Comedy
6000000,66.11334,117,8.1,2757,2015,Drama
0,9.066881,82,6.5,66,1998,Comedy
13000000,6.170139,95,6.4,135,1994,Comedy
13000000,4.742537,94,5.7,67,1999,Comedy
0,1.212956,99,6.6,7,1999,Drama
13000000,11.880899,106,5.5,135,1998,Drama
0,10.131123,84,5.1,163,2001,Comedy
13000000,5.831302,93,6.1,103,2001,Comedy
13000000,35.522027,93,5.7,737,2013,Comedy
13000000,10.573191,120,6.8,207,2006,Drama
0,4.898437,112,5.9,60,2007,Drama
13000000,17.632446,107,5.4,304,2013,Comedy
0,1.780065,112,6.7,11,2000,Drama
15000000,26.373864,96,5.9,498,2009,Drama
13000000,1.647335,91,4.8,4,1996,Comedy
13000000,12.321302,125,6.5,138,2006,Action
13000000,43.444135,102,7.7,2968,2012,Drama
3000000,1.279106,87,4.5,10,1993,Action
13000000,3.680896,110,6.4,60,2006,Drama
0,2.996284,120,5.6,17,2000,Drama
14350531,30.952377,88,6.3,733,2011,Action
10000000,4.267466,127,5.8,45,2011,Drama
0,6.116436,110,5.8,29,2016,Action
0,1.714972,90,5.3,34,2002,Action
13000000,19.664699,98,6.4,503,2009,Comedy
12000000,6.537986,100,7.1,109,1981,Drama
12500000,13.349012,120,6.7,137,2002,Drama
0,6.796079,108,6.9,96,2002,Drama
12500000,35.268557,120,7.5,749,1993,Action
12500000,13.939054,100,7.5,323,1992,Drama
13000000,11.892615,109,6.0,173,2010,Drama
0,5.69872,118,6.0,94,1982,Drama
0,4.021389,101,8.4,11,1937,Drama
12000000,15.817096,106,7.1,509,2007,Comedy
12500000,34.821223,94,7.7,1451,2008,Drama
12800000,22.022228,140,7.6,377,2000,Drama
0,0.139384,132,6.2,25,1997,Drama
12500000,2.950618,99,7.3,31,1996,Drama
15000000,7.497306,90,5.8,84,2009,Comedy
20000000,26.396191,105,6.3,1150,2010,Action
12500000,6.546037,108,6.0,94,2010,Comedy
0,9.572705,140,7.4,133,2004,Action
12500000,0.903529,118,6.3,30,2010,Drama
8000000,47.584643,122,7.5,2005,1973,Drama
11000000,60.767168,95,6.4,2296,1999,Comedy
12516654,11.103202,78,7.6,142,2012,Comedy
25000000,15.26213,94,5.6,304,1986,Action
12000000,6.035152,122,6.9,281,2012,Comedy
12000000,10.297189,102,6.2,137,2002,Comedy
12000000,22.434102,113,7.3,675,1982,Action
15000000,41.249004,86,6.4,1648,1994,Comedy
12000000,19.195399,113,7.0,375,1985,Drama
12000000,21.958055,110,6.3,417,2012,Action
12000000,45.477802,104,6.7,1060,2006,Drama
12000000,12.60629,81,6.5,168,1996,Comedy
12000000,40.631671,154,7.3,1514,1997,Comedy
12000000,26.219598,107,6.2,497,2008,Comedy
15000000,64.504747,84,6.6,1935,2012,Drama
12000000,3.389249,132,6.2,51,1983,Drama
5000000,14.779537,116,6.6,249,1981,Comedy
12000000,6.703319,93,4.7,158,2002,Action
12000000,49.070321,88,6.5,1564,2012,Comedy
12000000,21.933822,172,7.3,323,1970,Drama
12000000,11.135734,98,5.5,281,2008,Drama
12000000,4.623609,97,4.7,30,2004,Comedy
12000000,11.510281,93,6.3,218,2001,Comedy
0,15.085981,85,7.2,212,1992,Comedy
12000000,18.422327,123,7.3,383,2002,Drama
12000000,74.358971,125,7.6,3759,2014,Drama
12000000,18.422008,121,6.9,439,1998,Drama
0,15.896312,102,6.3,210,2014,Comedy
12000000,29.019504,98,7.4,579,2013,Drama
0,6.2464,118,6.4,72,2005,Comedy
0,5.315213,125,6.6,101,1978,Drama
12000000,16.931846,104,5.8,364,2006,Comedy
12000000,64.610671,109,6.1,1937,2015,Drama
0,4.480167,86,4.3,15,2004,Comedy
12000000,29.223881,115,7.4,636,2013,Drama
0,7.710797,92,6.7,94,1995,Comedy
12000000,1.081822,86,5.4,33,2001,Comedy
12000000,16.183746,94,5.6,364,2011,Comedy
12000000,47.992817,88,6.6,1151,2006,Action
0,1.20245,93,5.3,8,1997,Comedy
12000000,0.700792,100,5.3,11,1998,Comedy
0,10.409253,100,6.1,99,2010,Comedy
0,14.345428,113,6.1,163,2008,Drama
12000000,6.803763,122,6.4,110,1981,Drama
0,19.944479,101,6.4,377,2003,Drama
14000000,26.967494,149,7.9,613,1981,Action
12000000,3.444542,93,4.6,47,2002,Comedy
0,74.817641,123,7.8,2067,2013,Comedy
0,21.064082,119,7.1,439,2004,Action
12000000,16.40512,100,6.1,294,2012,Drama
12000000,13.427427,109,6.9,86,2008,Drama
0,5.359381,81,4.9,23,2000,Action
8000000,8.708229,95,5.7,168,1992,Action
12000000,4.330428,86,5.9,43,2006,Comedy
0,7.594593,113,6.0,111,1998,Comedy
12000000,4.770195,116,5.8,78,2006,Comedy
12000000,1.623338,90,3.0,23,2003,Comedy
12000000,2.993939,108,5.7,16,1996,Comedy
12000000,8.290636,110,6.6,154,2008,Drama
0,3.603842,109,6.0,22,2001,Comedy
11000000,27.65527,119,6.7,537,2006,Drama
12000000,9.164386,100,6.9,141,1999,Comedy
12000000,9.779444,97,6.5,225,2008,Comedy
12400000,32.523573,142,7.3,720,2013,Comedy
0,2.24888,104,6.4,53,2002,Comedy
12000000,27.322212,99,6.5,882,2013,Drama
12000000,12.664787,129,6.9,206,2004,Drama
12000000,3.004432,90,6.1,38,2007,Drama
12000000,4.795244,100,6.9,41,2005,Drama
12000000,5.841285,111,6.5,84,2009,Drama
12000000,5.327714,114,6.8,107,2000,Drama
1200000,3.582733,86,6.2,50,2002,Comedy
0,2.678715,107,6.1,9,1997,Comedy
8000000,9.728143,90,6.1,88,2007,Drama
0,2.303865,103,5.3,22,2012,Drama
12000000,11.237374,120,6.8,67,2007,Drama
0,1.906807,140,6.5,28,2005,Drama
12000000,2.695896,110,5.2,28,1999,Comedy
0,1.416796,95,4.8,13,2009,Comedy
12000000,4.793348,132,7.6,55,2009,Drama
19000000,0.738652,89,3.0,3,2011,Action
20000000,5.727602,113,5.8,62,2011,Drama
1200000,0.489271,111,4.3,5,2015,Drama
12000000,11.150261,99,6.0,229,2014,Drama
0,0.186234,89,4.3,2,2015,Drama
11500000,20.747994,103,6.4,407,1989,Drama
0,2.930853,134,7.5,20,1993,Drama
11500000,4.75919,101,5.5,29,2009,Drama
0,0.753362,130,6.3,5,2015,Drama
11000000,45.072136,106,6.9,1596,1984,Comedy
11000000,126.393695,121,8.1,6624,1977,Action
11500000,56.805781,102,5.7,1406,2016,Comedy
11000000,12.854853,197,7.4,247,1965,Drama
0,14.637357,112,7.1,242,2014,Drama
0,21.801188,116,6.2,821,2008,Comedy
25000000,31.019381,116,7.2,1486,2010,Drama
11000000,11.227087,95,6.4,298,2006,Action
11000000,19.231507,120,7.3,384,1992,Comedy
11000000,31.162838,106,7.3,1368,2014,Drama
12000000,3.94487,96,3.9,74,2014,Action
11000000,7.559192,107,6.6,217,1989,Comedy
0,7.377587,101,5.6,142,2007,Comedy
13000000,38.018085,81,6.7,1062,2002,Drama
11000000,33.283554,101,7.5,1018,2002,Drama
11000000,15.864928,122,7.3,337,1995,Drama
10500000,23.449703,97,6.6,827,1999,Drama
11000000,14.282314,92,6.5,204,1981,Comedy
11000000,3.495758,86,4.1,54,2001,Action
12000000,7.558959,91,5.9,65,1992,Drama
11,3.375208,145,6.4,29,1978,Action
11000000,39.337949,111,7.2,1213,2015,Drama
11000000,29.543331,184,7.7,505,1975,Drama
24000000,4.12064,89,5.8,53,2001,Comedy
24000000,2.259537,84,5.7,34,2000,Comedy
11000000,7.722021,98,6.3,139,2012,Comedy
11000000,7.063053,95,4.9,74,2001,Comedy
11000000,16.003958,100,7.0,334,2001,Drama
11000000,21.204929,120,7.3,440,2015,Drama
0,6.799314,118,6.6,131,2004,Drama
11000000,33.758281,81,7.3,838,1992,Comedy
14000000,9.371811,86,5.4,60,2002,Comedy
11000000,33.282794,118,7.5,919,1993,Drama
10000000,3.208172,125,8.2,12,2003,Drama
11000000,4.131918,125,6.8,80,2004,Drama
0,4.093288,91,5.1,75,2002,Comedy
11000000,1.187671,113,6.6,9,1995,Comedy
11000000,36.319205,105,7.2,834,2013,Drama
0,4.146752,95,5.8,75,2001,Drama
11000000,9.705589,98,5.1,153,1991,Drama
11000000,1.396985,124,5.9,16,1970,Drama
0,4.056774,105,6.0,33,2005,Comedy
11000000,5.062687,104,6.2,42,2006,Drama
0,3.122152,111,5.6,35,2010,Drama
0,0.700127,116,7.3,6,1969,Action
11000000,31.763201,97,5.9,881,2012,Comedy
0,8.950864,123,5.7,25,2006,Drama
7400000,3.246903,193,6.1,42,2006,Drama
14000000,4.519523,97,6.3,46,1999,Comedy
10000000,12.792446,97,5.8,160,2007,Comedy
0,1.985552,97,6.8,6,2004,Drama
10500000,0.037073,99,8.5,2,1994,Comedy
0,0.12082,135,5.2,29,2010,Comedy
11000000,3.646848,110,5.0,16,2007,Action
12000000,5.759545,145,6.4,35,2012,Drama
11000000,25.302978,105,7.0,766,2014,Comedy
10000000,43.734886,126,7.9,2811,1997,Drama
11000000,10.016909,106,5.3,149,2016,Drama
10000000,10.892398,106,6.5,249,1981,Action
28000000,14.754281,98,5.8,568,2000,Comedy
10000000,53.727146,105,6.1,1306,2016,Action
10000000,8.9876,95,5.7,418,1999,Comedy
10000000,14.447723,101,5.6,261,2005,Drama
6000000,5.882208,110,6.0,77,2006,Comedy
13800000,17.3393,119,6.7,291,1986,Drama
10000000,19.524972,178,7.2,234,1962,Action
10000000,8.932837,101,6.4,198,1992,Comedy
12000000,26.598884,92,6.5,755,1996,Comedy
10000000,25.929893,90,6.7,454,1989,Comedy
10000000,8.305998,153,7.0,103,1968,Drama
10000000,21.258991,124,6.9,459,2011,Comedy
10000000,5.699058,83,6.6,67,2001,Comedy
12305523,36.582038,107,5.9,748,1985,Action
10000000,34.224204,90,6.4,742,1985,Action
20000000,7.499639,85,6.0,100,2002,Comedy
10000000,45.946524,97,6.2,983,2015,Drama
10000000,4.928777,108,6.4,69,1985,Action
9000000,20.452449,89,6.4,379,2008,Comedy
10000000,14.543435,130,6.8,823,1999,Comedy
10000000,6.015354,98,5.5,62,2002,Comedy
10000000,12.902975,101,6.2,161,1983,Drama
15000000,6.216203,114,6.3,252,1989,Action
10000000,3.290639,100,6.0,31,1994,Action
8500000,4.844451,84,5.0,70,2002,Drama
12000000,9.559737,103,5.3,153,2006,Comedy
10000000,11.350382,100,6.1,122,1998,Comedy
10000000,13.455373,91,6.9,291,1983,Drama
14000000,2.698185,116,5.8,36,2012,Drama
10000000,5.025446,105,6.4,81,2006,Comedy
0,2.580808,123,5.2,13,1994,Action
0,4.192064,107,5.3,49,1985,Action
0,2.596338,112,6.1,27,2005,Comedy
9000000,18.289303,93,7.5,676,1998,Comedy
10000000,17.592299,122,6.3,272,2015,Comedy
0,6.27141,101,6.4,34,2008,Comedy
0,11.158906,100,5.5,203,2005,Comedy
10000000,3.079862,129,6.3,47,1990,Drama
0,8.288813,81,6.1,159,2002,Action
11000000,32.579697,96,6.6,864,1990,Action
25000000,4.068107,110,6.0,57,1999,Action
10000000,17.663353,130,7.0,1068,2013,Drama
10000000,4.207456,84,5.6,72,2007,Action
10000000,3.352702,90,5.4,58,2009,Comedy
6400000,21.006078,99,6.6,406,2011,Drama
10000000,5.647538,96,6.2,136,2005,Action
10000000,1.000178,104,8.1,12,1997,Comedy
0,1.83428,108,6.1,15,2005,Drama
10000000,11.592129,87,5.5,75,2001,Comedy
10000000,18.366362,89,7.4,1050,1999,Comedy
10000000,6.736274,98,6.4,86,1999,Comedy
10000000,28.570174,105,6.8,1196,2014,Drama
30000000,5.671691,100,6.2,179,1998,Comedy
0,5.842299,89,5.3,101,2004,Comedy
10000000,14.038512,90,5.1,179,2010,Action
0,9.177896,97,6.8,131,2002,Drama
6000000,35.350303,90,4.4,797,2013,Comedy
10000000,12.067921,95,5.3,145,2008,Comedy
10000000,30.863082,101,6.3,700,2012,Comedy
0,10.254807,87,5.9,135,2011,Comedy
20000000,73.567232,119,8.2,3016,1998,Drama
10000000,1.374409,74,5.5,2,2004,Drama
18000000,6.18869,131,7.3,99,1998,Drama
10000000,15.280261,112,7.7,306,1999,Drama
0,0.753481,96,5.5,34,2002,Action
9500000,14.105392,88,6.4,334,2013,Comedy
10000000,14.905357,100,6.2,238,2007,Comedy
10000000,0.518056,79,3.8,6,1981,Comedy
9000000,12.172131,121,6.5,115,2014,Drama
0,3.084874,85,4.1,10,2001,Comedy
10000000,17.078656,126,6.9,336,2006,Drama
10000000,16.318608,107,6.6,183,2015,Comedy
10000000,10.409155,83,6.1,217,2011,Comedy
0,5.355763,120,6.9,73,2009,Drama
0,4.725357,112,5.4,41,2012,Drama
11500000,4.850402,100,5.7,36,1993,Action
10000000,8.902102,89,6.6,105,1999,Action
6500000,28.223163,112,7.2,1149,2004,Drama
10000000,3.007816,140,6.4,25,2000,Drama
0,1.610132,92,6.8,15,1987,Action
0,8.326131,120,7.3,90,2006,Drama
10000000,3.919057,97,4.4,51,2011,Comedy
0,2.23411,135,6.3,24,2000,Comedy
10000000,19.263477,97,5.8,383,2015,Comedy
10000000,4.123533,98,7.0,54,2011,Drama
0,6.948401,98,6.4,168,2002,Drama
10000000,3.988432,101,5.4,24,2000,Action
0,5.099923,132,6.8,49,2002,Action
20000000,19.494703,105,6.4,365,2012,Drama
0,3.759988,154,5.5,46,2006,Action
10000000,4.176066,87,6.2,51,2000,Comedy
10000000,16.436178,102,6.5,425,2011,Drama
10000000,14.979375,96,6.1,210,2009,Comedy
0,8.045488,104,6.8,37,2003,Drama
0,8.312153,93,4.9,46,2007,Comedy
10000000,10.733761,111,6.0,190,2007,Drama
0,0.111313,119,6.3,7,1998,Drama
10000000,4.570043,89,4.8,50,2002,Comedy
5000000,6.265659,106,5.6,86,2008,Action
0,17.54768,113,6.6,491,2001,Action
10000000,3.412162,93,5.5,62,2004,Drama
0,0.627964,105,6.4,5,1997,Comedy
0,5.75555,103,6.5,98,2014,Drama
0,1.031142,100,5.3,3,1997,Drama
7700000,7.554799,123,5.9,131,2011,Drama
10000000,2.85283,111,6.3,29,2004,Comedy
0,1.769593,86,6.4,12,2001,Action
10000000,9.805551,99,6.5,177,2009,Comedy
0,12.898984,96,6.4,169,2006,Comedy
10000000,2.803642,82,6.0,50,2005,Drama
0,6.085879,110,6.4,139,2010,Drama
0,11.946898,83,4.1,178,1994,Comedy
0,0.397341,0,6.0,5,2010,Drama
10000000,0.072085,125,5.8,14,2013,Drama
10000000,2.849895,104,6.2,31,2014,Comedy
10000000,0.666218,86,3.0,9,1998,Comedy
0,1.388136,90,4.8,19,2009,Comedy
3200000,2.631688,90,5.4,59,2009,Comedy
0,10.955567,90,4.7,44,2009,Comedy
0,0.122874,94,5.8,4,2008,Drama
10000000,5.145655,111,5.1,83,2015,Drama
10000000,1.728816,85,7.0,5,2009,Comedy
10000000,3.064563,93,3.9,29,2007,Comedy
0,7.245108,94,5.4,130,2010,Drama
0,9.085482,91,6.4,34,2004,Comedy
0,6.814247,99,5.6,80,2007,Drama
10000000,2.873796,91,4.3,16,2011,Drama
0,4.481897,117,6.1,35,2008,Action
10000000,2.574014,106,6.4,22,2008,Drama
10,1.617943,85,6.9,26,2013,Comedy
0,1.259968,99,4.3,9,2010,Comedy
10000000,5.099472,90,4.0,53,2009,Action
0,2.131524,116,6.4,6,2007,Drama
0,0.304566,85,5.0,6,2010,Comedy
10000000,11.847324,130,7.1,193,2008,Action
10000000,3.753703,89,6.7,27,2010,Action
9500000,19.978021,107,6.4,737,2009,Comedy
9600000,3.588529,144,6.0,24,2005,Drama
11000000,9.337388,98,6.4,135,2000,Comedy
10000000,11.431434,94,4.3,158,2014,Action
9500000,28.675891,117,6.5,531,1967,Action
10,9.70276,102,6.1,86,2014,Action
8900000,17.151293,127,7.5,400,2012,Drama
9400000,14.562991,163,7.0,140,1963,Action
12899867,19.747809,121,7.3,406,2006,Comedy
10000000,3.193777,89,6.2,51,2009,Action
0,5.107235,104,6.9,49,1995,Drama
10000000,10.073144,94,5.1,74,2015,Action
0,4.807549,131,6.0,40,2010,Action
7400000,36.173598,136,7.0,885,2011,Drama
0,5.499412,92,7.1,83,2011,Comedy
0,5.900535,176,7.3,66,2012,Drama
11000000,94.184658,117,7.9,4470,1979,Action
10000000,17.611971,106,6.3,254,2010,Drama
9000000,7.623979,181,7.4,134,1971,Drama
5500000,31.036,130,6.5,562,1965,Action
10000000,10.424596,93,5.7,129,2011,Comedy
7000000,7.720692,110,7.0,118,2010,Comedy
9000000,6.717994,118,6.9,66,1996,Action
9000000,3.951041,120,6.8,38,1999,Comedy
9000000,3.269459,91,4.9,70,2000,Comedy
9000000,18.514292,88,6.6,693,2004,Comedy
9000000,7.029126,126,6.7,60,2000,Drama
26000000,11.233081,118,6.5,201,2000,Drama
40600000,34.022209,116,7.1,738,1983,Comedy
0,6.904734,85,5.8,21,2004,Comedy
9000000,4.641006,137,7.4,71,1989,Action
0,5.663889,114,6.8,110,2007,Drama
0,1.118511,80,6.3,16,2003,Comedy
8500000,8.775844,119,6.4,100,2000,Action
9000000,2.062087,97,6.5,95,2002,Comedy
9000000,8.738737,79,6.0,41,1994,Comedy
0,4.976268,114,6.8,78,2006,Drama
9000000,3.810697,91,5.7,49,1984,Action
9000000,2.365328,97,6.0,17,2007,Drama
9000000,5.2545,103,5.5,29,2005,Comedy
0,5.293363,92,6.1,56,2008,Comedy
0,10.932711,119,6.9,116,1998,Drama
0,0.843067,185,5.1,6,2001,Drama
6000000,5.119593,98,5.8,214,2014,Comedy
9000000,2.872281,128,7.0,33,2002,Comedy
9000000,0.717811,130,4.8,14,2010,Drama
5000000,1.458884,86,6.1,7,2006,Drama
6500000,7.028946,130,6.8,68,2008,Drama
9000000,2.009597,97,4.5,12,2005,Comedy
0,7.247023,102,7.0,54,2009,Drama
0,2.351706,105,5.6,10,2009,Drama
9000000,4.799022,103,5.8,75,2009,Drama
5000000,16.072466,97,6.3,503,1986,Comedy
7347125,3.949796,122,7.3,40,2010,Drama
0,14.038703,127,7.9,285,2011,Drama
0,1.881466,69,8.0,27,2005,Action
9000000,6.677926,96,5.6,61,2014,Action
8500000,24.750909,97,6.8,538,1987,Comedy
7000000,17.697042,112,6.8,274,2009,Drama
9250000,7.000949,125,6.8,28,1979,Drama
8500000,11.436405,96,5.6,85,2013,Comedy
0,13.476596,99,6.7,270,1999,Comedy
12000000,3.604863,122,6.8,50,2006,Drama
8500000,40.28709,100,6.8,1322,2015,Comedy
22000000,3.809131,104,3.4,38,2001,Drama
0,11.708343,101,5.6,175,2013,Drama
8000000,2.60632,135,6.6,28,2003,Action
8500000,9.230073,119,6.8,107,2009,Drama
12000000,14.719886,145,7.7,232,2010,Drama
9000000,28.540614,106,6.6,671,2013,Action
8000000,0.034259,126,7.0,17,1999,Drama
0,1.840511,128,6.6,29,2007,Drama
6500000,6.787967,124,7.1,154,2006,Drama
8250000,7.973109,171,7.0,63,1951,Drama
0,5.897479,98,6.7,100,2008,Comedy
10000000,1.465762,122,4.3,7,2006,Action
0,10.639916,97,7.0,164,1979,Comedy
8500000,89.095538,117,7.6,3395,2014,Drama
8500000,2.62082,104,5.1,107,2004,Comedy
8200000,37.960289,174,7.4,941,1965,Drama
8000000,21.735068,111,6.1,321,1984,Comedy
8000000,14.793177,102,7.5,1686,2006,Comedy
8000000,51.109279,89,7.8,1522,1986,Drama
0,3.804597,95,4.8,75,2004,Drama
8000000,26.356697,111,7.2,561,1979,Drama
8000000,3.501158,109,7.0,31,2002,Comedy
0,2.088251,108,5.7,15,1996,Comedy
8000000,33.372828,100,7.0,1261,2011,Comedy
8000000,37.821106,94,6.1,1004,2014,Comedy
0,4.293706,89,5.6,23,1981,Comedy
8000000,10.19377,111,7.2,189,1993,Comedy
6500000,25.289665,142,6.5,456,1969,Action
8000000,4.482714,91,5.8,62,1999,Comedy
8000000,4.932893,112,6.7,81,2006,Drama
8000000,7.894489,82,6.4,177,1998,Comedy
8000000,13.987772,97,5.2,99,2009,Comedy
7000000,45.310443,102,7.3,2066,2000,Drama
8000000,9.799177,93,6.1,181,2002,Comedy
8000000,5.069095,116,6.5,42,2006,Action
8000000,13.517017,118,5.9,261,2009,Action
0,1.353971,114,5.7,9,2009,Drama
0,14.969093,93,6.6,348,2013,Comedy
8000000,45.395839,92,6.7,2210,2010,Comedy
0,0.269661,110,3.9,5,1994,Comedy
8000000,5.93923,92,6.6,148,2000,Drama
8000000,11.837067,104,5.7,134,2011,Comedy
8000000,2.149469,97,4.6,30,1996,Comedy
0,1.569449,89,4.9,11,1999,Comedy
8000000,3.535789,92,5.5,46,2000,Comedy
0,5.897391,140,6.9,95,1992,Drama
8000000,21.024346,90,7.0,459,2015,Comedy
8000000,7.235794,129,7.0,97,2010,Comedy
8000000,8.204829,111,6.9,196,2002,Comedy
8000000,8.403859,79,5.7,95,1991,Action
0,4.221313,104,6.3,39,1998,Comedy
8000000,13.143045,101,6.9,672,2010,Comedy
7200000,6.138802,113,6.6,94,2010,Comedy
0,1.939054,92,6.9,13,2007,Drama
8000000,8.717235,106,6.7,21,1997,Drama
0,0.289433,98,4.3,4,1983,Drama
8000000,35.735689,104,7.3,1254,2013,Comedy
8000000,7.433574,112,5.9,63,2005,Drama
8000000,4.090382,99,5.8,18,2007,Action
0,0.812776,180,4.9,8,2012,Drama
0,6.335881,109,5.9,41,2003,Comedy
0,1.278092,111,7.0,3,1998,Drama
8000000,5.244518,91,6.6,135,2006,Comedy
0,1.265683,99,5.2,16,2005,Comedy
8000000,10.791954,98,6.4,215,2010,Action
0,4.409263,142,6.9,37,2009,Drama
8000000,3.942464,107,6.3,24,2006,Action
0,2.597665,105,5.6,33,2005,Comedy
8000000,6.500835,112,5.1,41,2014,Drama
22000000,12.893219,97,5.8,103,2007,Action
8000000,0.983484,124,6.1,17,2005,Drama
0,2.214925,96,4.6,21,2014,Action
0,1.86453,114,4.3,8,2013,Comedy
0,9.100352,93,7.0,177,2005,Comedy
8000000,7.828459,104,7.0,129,2016,Drama
0,5.0005,90,5.4,33,2013,Action
0,6.41678,100,5.9,31,1989,Action
8000000,2.101718,106,4.1,16,2016,Action
7500000,19.585801,99,7.0,350,1989,Comedy
0,4.105363,114,6.6,19,1997,Comedy
7500000,17.318839,91,6.5,240,1995,Action
7700000,3.363973,110,6.6,43,2014,Drama
6500000,29.01153,92,7.1,664,2005,Comedy
7500000,16.990308,100,6.8,409,2009,Drama
10284523,4.820166,104,5.7,75,2005,Comedy
7500000,2.226412,109,5.8,26,1984,Comedy
6500000,8.526635,105,6.8,142,2002,Action
7500000,1.369528,102,4.5,7,2002,Comedy
0,1.82184,97,4.0,26,2008,Action
7500000,0.571663,110,6.1,7,2004,Drama
8000000,14.652342,92,5.7,192,2009,Comedy
0,1.71729,112,5.2,13,2003,Drama
0,0.024186,103,7.0,3,2001,Drama
7500000,8.859657,92,6.2,116,2003,Drama
7500000,0.086731,101,5.8,2,2012,Comedy
8000000,7.802245,113,6.2,132,2011,Drama
12500000,1.589693,95,6.4,4,2012,Action
0,0.553752,156,6.0,13,2007,Comedy
7300000,24.281951,95,7.7,450,2007,Drama
7500000,25.281197,107,7.5,841,2008,Drama
7300000,16.829837,103,6.7,348,2009,Action
7500000,19.782725,96,7.0,2244,2007,Comedy
7500000,4.943588,104,5.5,63,2015,Action
7200000,34.634181,120,6.3,553,1971,Action
6000000,143.659698,175,8.4,5893,1972,Drama
4000000,18.422323,95,6.1,302,1983,Drama
7500000,45.610993,95,7.2,2904,2009,Comedy
7000000,17.681707,121,7.1,281,1993,Drama
7000000,35.897151,110,6.1,1040,2012,Comedy
7000000,30.465138,121,6.4,533,1973,Action
7000000,5.675535,95,6.5,69,2000,Comedy
0,29.173266,112,6.7,620,2008,Comedy
6600000,4.492455,112,6.0,56,2011,Comedy
7000000,17.717681,93,6.8,273,2005,Drama
7000000,17.434862,114,6.8,384,2005,Drama
7000000,25.511217,104,6.8,881,1995,Action
9000000,12.268143,119,6.6,269,1976,Action
7000000,30.214716,125,6.3,524,1974,Action
7000000,6.872784,96,4.9,50,1988,Action
7000000,5.500324,92,6.3,66,1996,Comedy
0,16.754452,107,6.6,322,2005,Drama
700000,29.761163,103,7.2,691,2015,Comedy
7000000,2.772178,97,6.2,17,1999,Action
0,0.000372,90,4.0,3,1978,Action
7000000,23.612409,105,6.6,483,2009,Comedy
7500000,6.557643,103,6.5,100,2010,Comedy
7000000,9.887662,103,5.8,95,1989,Comedy
7000000,8.079046,116,7.0,139,2014,Drama
7000000,21.626288,101,7.3,463,2009,Drama
7000000,14.672151,164,7.0,201,1988,Drama
7000000,2.627232,96,5.6,30,1999,Comedy
7000000,12.150871,111,6.5,110,2004,Comedy
0,2.128211,94,6.8,84,2002,Action
0,2.881239,93,3.8,18,2007,Comedy
7,4.857028,90,5.7,63,1992,Action
7000000,2.206097,113,6.7,14,2001,Action
7000000,3.721858,192,7.4,64,2004,Drama
7000000,5.091253,99,6.4,76,2008,Drama
7000000,15.212569,91,6.1,133,2010,Comedy
0,0.838938,96,6.4,6,1999,Drama
7000000,7.051521,104,6.1,56,2002,Drama
7000000,11.400229,90,6.2,81,2006,Drama
7000000,21.276864,112,7.4,677,2011,Drama
0,1.799504,100,5.8,8,2013,Drama
7000000,2.932784,102,5.0,15,2009,Action
7000000,2.550045,100,4.5,31,1983,Comedy
7000000,5.517597,125,6.7,46,2009,Drama
0,3.829937,107,6.2,16,1977,Action
0,8.893676,107,7.1,420,1993,Comedy
8000000,9.590373,98,6.0,208,2010,Comedy
7000000,7.155519,106,5.7,20,2009,Comedy
0,0.587276,95,2.7,13,1998,Comedy
7000000,13.635828,106,6.7,212,2010,Drama
0,10.416332,93,5.8,212,2013,Comedy
3500000,5.038953,103,6.2,68,2002,Drama
7000000,1.498245,96,7.7,5,2002,Drama
7000000,8.184588,103,7.1,164,2015,Drama
7000000,2.26778,108,5.9,29,2010,Comedy
7000000,3.120016,170,6.7,41,2013,Drama
7000000,8.207425,108,6.0,73,2010,Comedy
0,2.356244,120,6.3,8,2005,Drama
6000000,34.917447,108,7.2,837,1999,Action
0,1.874783,53,6.5,4,2014,Comedy
6900000,26.181753,102,7.4,583,1993,Comedy
0,21.01755,104,6.1,843,2007,Comedy
0,3.139294,96,6.8,27,2016,Drama
7000000,6.665164,94,5.8,110,2015,Drama
0,2.832628,125,6.3,20,1999,Drama
0,3.528643,108,6.7,62,2005,Comedy
6800000,4.665309,101,6.1,73,2003,Action
6800000,21.285206,130,7.9,479,2010,Drama
0,4.240495,125,5.8,44,2003,Comedy
0,3.810943,88,5.1,24,2009,Action
4000000,23.604936,115,7.8,504,2007,Action
7,0.050456,82,5.2,6,2009,Comedy
6500000,17.705671,112,7.4,364,1991,Drama
6500000,6.847099,108,6.8,116,1987,Drama
0,8.067702,107,6.3,16,1981,Comedy
6500000,2.163683,108,6.2,42,1993,Action
6500000,11.142389,98,7.0,196,1999,Comedy
6500000,11.885221,88,5.1,128,2006,Comedy
0,3.481517,140,7.0,32,2001,Drama
6500000,40.688426,100,7.0,875,2011,Drama
6500000,24.0034,105,7.0,559,2004,Drama
6500000,2.639106,100,8.0,6,2005,Drama
6500000,16.574756,116,6.5,305,2013,Drama
6500000,5.483531,96,6.8,45,2004,Drama
0,1.068819,113,7.0,6,2000,Comedy
6500000,8.432401,113,7.1,119,2009,Drama
6500000,2.074295,102,6.0,16,2010,Action
0,11.357474,121,7.5,200,2007,Drama
6400000,74.234793,108,7.3,4128,1984,Action
4800000,11.086001,121,7.4,586,2003,Comedy
10000000,13.409125,97,7.2,152,2009,Drama
4000000,14.961629,91,7.3,267,1985,Comedy
6000000,16.139771,94,6.8,392,1995,Comedy
6000000,49.802914,120,7.5,1205,1986,Action
6000000,24.499996,110,7.4,650,1969,Drama
6000000,59.961523,139,7.4,1183,1964,Comedy
6000000,12.541983,124,7.4,145,1980,Drama
6000000,23.431117,152,7.0,389,1961,Drama
6000000,15.929648,98,6.6,365,1980,Comedy
0,3.029944,106,6.5,10,2001,Comedy
6000000,5.537646,106,7.1,34,1999,Comedy
6000000,64.025031,106,8.1,3254,1995,Drama
5000000,35.108498,92,5.9,858,2002,Comedy
6000000,40.196514,109,7.3,1000,2008,Drama
0,10.982255,90,6.7,166,2000,Comedy
6000000,24.351305,99,6.9,703,1981,Action
0,3.159574,121,6.2,26,1988,Comedy
6000000,12.601677,89,4.4,91,2007,Comedy
12716953,7.077505,113,6.3,128,1997,Action
6000000,4.053017,91,6.6,74,2003,Comedy
0,6.379933,104,5.9,123,1988,Comedy
6000000,15.639016,99,6.5,354,1998,Comedy
6000000,26.286954,121,7.4,558,2006,Drama
5000000,12.68514,100,6.5,320,2012,Comedy
0,8.483531,122,6.6,91,2000,Drama
6000000,3.561198,101,6.1,44,1999,Comedy
6000000,14.988746,96,6.4,379,2012,Drama
0,5.754416,84,5.5,103,2012,Comedy
6000000,6.497285,104,6.9,113,2009,Comedy
6000000,19.411141,96,6.8,372,2011,Action
7000000,7.034618,94,4.8,48,2008,Comedy
6000000,26.218912,97,7.1,817,1999,Drama
0,4.647547,97,6.6,61,1998,Comedy
0,9.371534,89,5.4,77,2009,Comedy
5500000,15.015271,120,6.4,300,2014,Comedy
6000000,5.696491,95,5.5,52,1999,Comedy
0,4.25422,95,7.4,80,2001,Comedy
6000000,5.411243,99,6.9,29,1993,Action
0,1.273773,96,6.2,9,2015,Drama
6000000,6.27257,94,6.6,111,2003,Drama
6000000,4.148253,95,6.0,44,2001,Comedy
0,1.369649,84,5.7,19,2001,Drama
6000000,7.161051,99,6.2,94,2008,Drama
6000000,12.434688,110,6.6,74,1979,Drama
0,2.507912,97,7.2,34,2002,Drama
6000000,1.478505,107,4.6,17,1991,Action
6000000,0.215464,97,4.7,12,2011,Drama
0,1.229667,104,5.7,10,2003,Drama
6000000,6.903186,99,6.2,34,2009,Drama
134005,2.260315,104,5.3,22,2011,Drama
6000000,3.427061,97,5.9,10,2006,Drama
0,0.669169,107,6.5,11,2001,Action
0,6.077735,117,6.3,30,1977,Drama
6000000,2.404626,85,4.7,25,2008,Comedy
6000000,15.048067,86,6.8,206,2003,Drama
0,1.734764,103,5.4,29,1994,Action
12000000,10.19041,95,5.6,224,2012,Drama
6000000,12.099486,101,6.3,14,2009,Drama
6000000,4.957014,90,5.2,73,2011,Action
0,2.135689,240,7.6,38,2009,Comedy
5300000,13.034602,122,7.0,266,2002,Comedy
6000000,6.349218,86,5.5,87,2014,Drama
4000000,5.013575,103,6.8,66,2008,Drama
0,4.448353,90,4.9,18,2012,Comedy
5800000,4.49029,133,7.2,72,1964,Action
0,2.204138,91,5.5,12,2012,Drama
6000000,11.81832,108,6.8,167,2005,Action
0,0.356495,99,10.0,1,1998,Comedy
3500159,22.054546,112,6.2,578,2002,Comedy
0,4.245123,141,6.0,10,2002,Drama
5800000,3.201886,95,4.2,10,2006,Action
0,0.114342,139,4.7,11,2012,Action
0,0.305922,105,3.9,6,2010,Comedy
5500000,28.500913,129,7.9,622,1973,Comedy
5500000,10.439971,123,6.8,207,1981,Drama
0,3.784535,116,6.4,71,2005,Comedy
0,10.396305,105,7.3,131,1996,Drama
6000000,33.296684,90,5.9,1671,2013,Comedy
7000000,14.072941,111,7.1,426,2001,Comedy
0,2.714043,91,6.2,47,2001,Drama
5500000,2.141143,95,3.3,16,1980,Comedy
0,20.982455,96,7.5,526,2004,Drama
4361898,2.080741,92,5.6,28,2003,Comedy
5000000,7.79068,104,6.2,73,2003,Drama
6500000,15.580335,120,7.6,292,1989,Drama
0,5.336243,99,4.8,15,2001,Drama
3850000,10.787322,93,6.8,97,2011,Comedy
0,32.476098,97,7.1,538,2002,Drama
5500000,3.21392,100,5.4,31,2013,Comedy
2200000,5.206967,157,7.2,97,2006,Drama
0,1.5846,90,6.2,9,2014,Drama
8000000,3.653305,96,5.6,28,2011,Action
0,3.865122,96,4.9,57,2007,Comedy
0,1.391958,90,7.3,18,1999,Comedy
0,9.451228,94,6.0,140,2012,Comedy
0,1.688495,95,7.3,24,2004,Comedy
5500000,5.033065,120,5.9,45,2014,Drama
5100000,5.934016,103,7.2,102,1980,Drama
0,0.075817,130,5.4,7,2011,Action
15000000,53.698683,103,6.8,2468,2016,Drama
5000000,14.752587,87,6.1,345,2002,Comedy
5500000,9.59729,115,7.5,205,2013,Comedy
4100000,4.028875,135,6.4,42,1953,Drama
5000000,6.470766,113,6.7,137,1975,Comedy
11000000,16.856231,89,5.1,272,1991,Comedy
8000000,19.683187,110,7.0,485,2003,Drama
5000000,9.358197,127,6.8,157,1954,Drama
5000000,30.271066,124,7.9,719,1980,Drama
5000000,59.454473,117,7.9,2886,2013,Drama
5000000,18.077963,97,6.9,398,2006,Comedy
5000000,20.428237,110,7.4,750,2000,Comedy
4600000,32.14444,103,7.1,688,2013,Comedy
0,3.673566,94,4.7,21,1991,Comedy
3500000,3.656491,104,6.8,37,1982,Action
0,1.88484,77,5.4,22,1999,Comedy
5000000,4.227807,134,6.1,38,1997,Drama
0,3.102862,129,6.5,54,1981,Drama
10000000,15.688439,90,5.9,365,2011,Comedy
5000000,22.9951,134,7.1,478,2016,Action
0,5.769822,104,6.4,14,1998,Drama
0,7.544515,105,5.4,63,2014,Drama
0,1.126941,109,6.1,27,1997,Drama
5000000,35.307577,99,7.5,1104,2014,Drama
5000000,4.079111,139,6.0,11,1954,Drama
5000000,7.058868,99,6.4,86,1981,Action
5000000,18.115566,95,6.2,671,2002,Comedy
5000000,62.554173,94,5.0,1551,2013,Drama
5000000,16.890285,106,7.3,315,2001,Drama
4000000,49.12486,99,7.5,2420,2004,Comedy
0,8.309894,82,4.3,48,2008,Drama
5000000,5.960149,135,6.9,77,1996,Drama
0,5.87193,110,6.9,83,1982,Comedy
5000000,8.452666,107,5.5,67,1983,Action
5000000,19.336367,102,6.5,255,2008,Comedy
5000000,38.006982,103,6.7,777,2015,Action
0,6.377523,118,6.0,97,1982,Action
5000000,0.835617,139,5.4,8,1959,Drama
20000000,14.947588,92,4.3,331,2016,Comedy
0,5.1299,99,6.3,9,2009,Drama
4,1.199451,89,6.2,28,1932,Drama
0,3.810827,96,5.2,42,2016,Comedy
0,9.85123,92,6.3,147,2004,Comedy
8000000,3.03091,99,6.7,77,2003,Comedy
0,3.199904,106,6.6,50,1976,Action
5000000,2.739307,90,4.9,47,2001,Action
5000000,5.348446,118,6.4,91,1978,Action
5000000,4.070044,97,6.7,89,1989,Comedy
0,9.974681,94,6.6,220,2006,Comedy
5000000,6.308298,91,6.5,44,1998,Comedy
5000000,4.149628,94,6.3,55,2001,Action
5000000,46.114184,97,7.6,1794,2009,Drama
0,3.562563,90,5.2,18,2006,Comedy
5000000,7.673124,112,6.8,103,1997,Drama
4000000,4.992475,120,6.5,91,2010,Drama
5000000,6.174435,110,6.6,60,2008,Comedy
0,0.805312,87,4.6,5,1982,Comedy
5000000,8.753409,99,7.0,294,1994,Drama
5000000,3.943706,121,5.4,40,2015,Drama
5000000,9.169411,97,6.0,208,2010,Comedy
5000000,2.732031,116,6.0,55,1998,Comedy
5000000,35.252056,101,7.3,1247,2004,Drama
5000000,6.063868,103,5.7,15,1992,Drama
5000000,21.343093,112,6.6,355,2014,Drama
5000000,10.095184,91,6.9,165,2010,Drama
5000000,4.129165,98,5.9,58,2003,Comedy
5000000,6.759235,88,5.8,27,2006,Comedy
5000000,1.731035,99,3.9,15,2014,Drama
7000000,11.700578,91,6.8,281,1996,Comedy
6000000,2.388683,97,5.6,45,1996,Drama
0,0.080704,136,6.0,2,2007,Drama
0,0.679351,94,6.5,17,1980,Drama
5000000,19.940245,89,7.3,847,2010,Comedy
0,1.286991,92,6.2,13,2008,Drama
0,0.042442,128,6.6,4,1947,Action
0,1.116206,90,5.5,9,1999,Comedy
5000000,3.792015,90,6.2,37,2007,Drama
0,8.39685,92,6.3,80,2008,Comedy
0,7.864905,87,5.8,65,2009,Comedy
0,1.963219,80,3.2,13,2006,Comedy
0,1.546169,95,7.0,2,2009,Drama
5000000,10.619574,105,7.4,105,2014,Comedy
0,1.985243,95,6.1,24,2015,Comedy
0,0.102003,89,5.0,3,2011,Drama
15000000,10.48009,94,4.5,118,2014,Drama
0,1.136568,109,4.1,7,2013,Action
5000000,11.095219,123,6.4,131,1977,Action
0,0.40703,0,0.0,0,2012,Comedy
5000000,8.618793,88,4.7,102,2016,Comedy
0,2.394613,97,3.5,36,2015,Action
0,2.387463,120,7.0,22,2006,Comedy
5000000,5.461487,99,7.1,116,2009,Comedy
1000000,14.805264,135,7.4,231,1996,Drama
0,3.500741,94,6.2,43,2005,Comedy
5000000,19.807295,120,7.1,471,2011,Drama
0,7.667888,98,6.3,47,2006,Comedy
5000000,8.496364,81,5.5,76,2014,Comedy
4800000,35.754865,90,5.6,862,2013,Drama
0,0.20323,80,4.8,4,2005,Drama
4,0.28076,83,4.6,8,2011,Comedy
0,3.11319,105,7.0,46,2004,Drama
0,0.137535,89,1.0,1,2007,Action
4600000,6.368933,100,7.3,93,2010,Comedy
4700000,0.217538,92,5.6,6,2013,Comedy
4600000,3.531877,97,5.7,60,2007,Drama
0,0.706355,103,5.9,18,2006,Drama
4500000,15.002502,96,6.5,602,1984,Comedy
4500000,22.585384,104,5.8,408,1980,Drama
6000000,29.834065,117,6.6,632,1994,Comedy
4500000,20.403344,90,7.0,322,1982,Comedy
4500000,5.224593,116,6.9,89,1956,Drama
15000000,30.196039,135,7.2,629,2002,Drama
4500000,15.359952,108,6.9,198,1996,Drama
4500000,11.573034,102,7.9,2443,2000,Drama
0,0.425551,115,6.8,6,1998,Drama
4500000,3.819796,123,7.0,71,1986,Drama
5000000,10.274542,98,5.5,121,2014,Comedy
6000000,61.210016,113,7.7,3452,2001,Drama
0,0.177356,105,6.1,18,2011,Action
4500000,0.011697,122,7.7,25,1997,Drama
2000000,6.249262,101,6.6,132,2002,Comedy
4500000,3.108881,97,6.3,30,2009,Comedy
0,17.074843,115,7.4,356,2005,Drama
0,0.774442,120,6.2,13,2010,Drama
0,8.816995,99,6.0,157,2001,Comedy
4500000,8.48639,110,7.0,46,2006,Action
0,5.223096,98,6.6,73,2011,Action
0,7.759215,109,7.7,139,2002,Drama
4500000,14.570359,104,5.4,251,2010,Drama
0,0.371337,134,5.3,2,2014,Comedy
3000000,127.525581,133,8.2,2919,1975,Drama
4400000,3.898737,85,6.9,35,2015,Comedy
0,7.315935,86,6.7,78,1976,Comedy
4500000,2.551559,126,7.3,57,2016,Action
0,8.772574,199,8.2,68,1985,Drama
0,6.988357,103,5.5,71,2014,Action
3730500,6.938854,112,5.7,109,2012,Action
5000000,11.21273,89,7.0,217,2000,Drama
0,7.217328,124,6.5,63,2010,Drama
8000000,12.439495,101,7.1,111,2003,Drama
3250000,2.126139,133,6.6,19,2009,Drama
4200000,16.536374,98,6.1,1000,2006,Comedy
0,0.933891,93,6.9,11,1997,Drama
4200000,12.540624,114,6.3,210,2004,Action
3705538,8.839651,112,6.9,176,1992,Drama
4000000,12.891276,94,6.1,183,1981,Comedy
4000000,45.66662,102,7.3,1895,2003,Drama
4000000,35.892034,93,7.8,1010,1977,Comedy
4000000,8.988455,152,6.6,50,1952,Action
4000000,14.042041,111,6.5,250,2001,Drama
3600000,22.030517,112,7.1,360,1995,Drama
4500000,2.503612,86,4.8,67,2013,Comedy
4000000,4.117968,105,6.9,68,1974,Comedy
4000000,1.379354,105,6.4,22,1956,Drama
3500000,15.338211,106,6.5,506,2010,Comedy
4000000,29.852608,94,7.1,550,1988,Action
4000000,35.061467,172,7.8,717,1963,Drama
4000000,43.40352,164,7.5,1971,2014,Drama
4000000,17.229537,96,6.4,420,2006,Comedy
7000000,2.453459,93,5.3,26,2001,Action
6000000,1.433692,82,5.9,15,2000,Action
32000000,9.976428,101,6.7,89,2003,Drama
4000000,2.930058,124,6.8,72,1961,Action
0,7.173059,91,5.5,57,2006,Drama
0,1.735462,82,4.8,10,1995,Comedy
0,29.071955,105,7.1,633,2007,Drama
0,18.428909,87,5.4,346,2014,Comedy
4000000,11.387335,110,6.3,168,2002,Comedy
4000000,5.975604,143,6.1,77,1969,Action
4000000,4.59841,84,5.5,69,2006,Comedy
4000000,22.87623,98,6.5,530,1995,Comedy
4000000,19.107285,104,6.7,376,2002,Comedy
4000000,4.541908,110,6.7,46,1988,Drama
0,4.348416,84,7.3,63,1996,Comedy
0,3.347885,94,5.4,11,1999,Comedy
4000000,6.091951,90,6.2,80,2007,Comedy
0,4.757625,96,6.1,67,2005,Comedy
4000000,12.062371,88,5.9,316,2011,Action
4000000,12.781973,102,8.0,167,2011,Drama
0,12.690224,83,6.5,415,2011,Drama
0,8.516229,103,5.5,58,2015,Drama
0,5.90259,99,6.5,25,2002,Comedy
4000000,2.866934,106,5.2,9,1999,Drama
0,9.140936,115,6.9,228,2012,Drama
4000000,22.987897,118,6.5,338,2014,Drama
3000000,1.204941,109,7.0,23,1997,Comedy
1300000,7.605291,102,6.7,27,1988,Drama
1500000,2.855963,95,6.0,26,2000,Comedy
0,0.502396,87,5.8,6,1999,Comedy
4000000,1.771584,119,8.1,18,2013,Drama
9500000,21.230737,104,6.6,307,2010,Drama
0,0.068246,103,6.0,1,2000,Comedy
0,0.541652,93,4.5,2,1998,Comedy
16000000,18.790221,100,6.1,291,2013,Drama
4000000,0.409089,100,4.2,5,1999,Drama
4000000,3.663108,113,7.1,36,2002,Drama
650000,12.496261,98,6.2,285,2010,Action
0,0.596889,92,6.7,7,1997,Drama
0,2.611364,106,6.4,31,2014,Drama
4000000,3.238466,119,6.2,37,2011,Comedy
4000000,8.30723,99,6.2,157,2011,Action
0,3.408955,90,5.8,38,2003,Comedy
0,1.876621,120,7.3,23,2013,Drama
0,1.807571,142,7.1,20,1972,Comedy
3950000,8.484123,127,6.1,19,1930,Action
4000000,0.936232,103,5.7,9,2007,Comedy
4000000,1.923514,0,5.2,20,2012,Comedy
0,4.118612,113,4.4,21,2014,Drama
3900000,9.541688,120,7.5,89,1966,Drama
3800000,17.234745,121,7.7,381,1976,Drama
4000000,48.98255,238,7.7,970,1939,Drama
0,1.972668,98,6.5,18,2014,Drama
3768785,1.726175,107,7.3,22,1950,Action
967686,20.544999,101,7.0,423,2010,Comedy
0,0.389471,115,6.7,9,2005,Drama
3500000,8.45342,101,6.5,195,2009,Action
3800000,2.201678,95,6.0,21,2009,Comedy
4000000,3.771652,109,6.6,66,2006,Comedy
3600000,21.119209,113,7.4,299,1969,Drama
3500000,17.002623,91,6.8,363,1997,Comedy
3500000,46.116885,88,7.1,1074,1980,Comedy
5000000,1.398981,88,5.3,11,2015,Action
3500000,25.5748,91,7.0,503,1995,Comedy
3500000,3.418871,97,7.2,173,1993,Action
3716946,2.676535,121,6.9,47,1970,Action
3500000,7.821438,134,7.4,82,1967,Drama
3500000,3.281509,149,7.4,46,1959,Drama
3500000,2.938973,121,6.2,35,1966,Action
3500000,10.219942,116,7.1,158,1972,Drama
0,0.593068,93,5.4,8,1998,Action
3500000,8.406025,96,5.7,70,1996,Comedy
10000000,5.588652,105,6.8,81,1998,Drama
2000000,25.894065,129,7.8,626,2009,Drama
3600000,35.674774,84,7.6,742,1987,Comedy
0,3.115754,81,5.4,43,2001,Action
0,0.015597,105,5.4,4,1999,Drama
0,0.595136,104,5.8,9,2006,Comedy
3500000,3.643608,98,6.7,28,2006,Comedy
3500000,6.396936,91,5.6,90,2004,Action
0,0.909067,111,2.9,7,2016,Action
3500000,1.348114,98,5.2,10,2008,Drama
0,0.964802,104,2.0,1,1999,Action
0,0.042346,200,0.0,0,2016,Drama
3500000,25.891466,78,7.9,419,2013,Action
3500000,4.304341,85,3.3,19,2013,Action
3500000,3.158056,92,5.3,37,2014,Action
0,3.230779,86,5.0,11,2015,Drama
3400000,5.690619,94,6.5,84,1977,Comedy
3500000,26.259389,107,6.7,524,2011,Drama
0,1.419431,100,6.2,15,2011,Drama
3000000,11.637458,92,6.0,127,2008,Comedy
3300000,192.528841,105,8.3,4254,2014,Drama
3300000,44.356711,130,8.1,1814,2002,Drama
600000,4.859873,99,6.8,97,1999,Comedy
3400000,6.723057,118,6.8,47,2015,Drama
0,3.069605,85,6.4,66,2006,Drama
3800000,21.826888,115,7.9,927,2012,Drama
0,15.128316,94,7.4,344,1983,Comedy
0,1.814802,91,6.7,37,2006,Drama
4300000,5.643023,98,6.2,66,1982,Action
3300000,2.964785,96,4.1,9,2014,Comedy
2000000,0.11615,92,8.0,1,1999,Drama
0,13.437038,128,6.8,174,2008,Drama
3200000,26.180367,136,7.5,863,1968,Drama
0,8.308442,99,6.9,150,2009,Drama
0,3.027892,101,6.9,101,2004,Drama
3200000,11.933449,105,6.8,347,2010,Comedy
0,8.825113,95,6.1,160,2005,Action
2700000,17.332585,109,7.0,418,1978,Comedy
2500000,47.812466,110,7.2,987,1964,Action
3180000,42.868495,130,8.0,1076,1946,Drama
4000000,63.513324,93,7.8,2655,1996,Drama
0,1.918959,115,6.3,15,2000,Comedy
0,5.735912,91,7.4,54,1998,Comedy
0,6.017273,111,6.9,49,2014,Drama
3000000,7.961559,117,6.9,156,1985,Drama
3000000,0.295226,113,5.0,1,2002,Comedy
3000000,16.553594,108,7.6,165,1958,Drama
3000000,11.241802,98,5.3,106,1997,Comedy
16000000,9.18885,93,5.9,137,2000,Action
3000000,23.109959,161,7.7,542,1957,Drama
3000000,1.586598,100,4.7,25,1990,Comedy
2000000,3.832858,121,6.7,86,1976,Comedy
3000000,22.889294,125,8.1,483,1960,Comedy
3000000,1.697846,100,6.4,28,2005,Comedy
3000000,0.720091,97,7.0,11,1985,Drama
0,2.747402,84,5.3,36,2009,Action
3000000,6.734965,146,7.3,41,1960,Drama
3000000,13.338539,186,7.6,155,1961,Drama
0,0.185373,94,4.5,4,1999,Comedy
0,0.982624,99,3.7,10,2006,Comedy
3000000,23.299907,108,7.4,568,2013,Drama
0,4.103764,95,3.8,46,1987,Comedy
3000000,5.003615,97,6.3,94,1988,Action
3000000,0.019984,94,5.0,3,2004,Drama
0,1.026243,86,5.8,19,2002,Comedy
0,2.787375,115,6.8,34,2005,Drama
3800000,3.667372,97,6.5,59,1999,Comedy
3000000,2.144354,82,3.1,11,2000,Comedy
3000000,3.937939,117,5.7,35,1996,Drama
3000000,5.325156,90,6.0,57,2010,Comedy
0,5.016607,95,5.4,39,1997,Comedy
0,13.857194,94,7.6,234,1978,Drama
0,6.997495,104,6.4,25,2001,Drama
3000000,4.337685,87,5.9,90,1999,Comedy
2962051,3.636634,108,6.6,94,1996,Drama
0,15.492257,86,7.2,345,2013,Comedy
3000000,2.504169,94,6.9,94,2005,Drama
3000000,10.757539,139,7.4,194,1998,Comedy
0,1.580027,89,6.1,4,2003,Comedy
2800000,15.754614,102,5.1,366,2014,Comedy
3000000,56.76349,120,8.0,1945,2003,Action
0,3.644872,110,6.5,37,2010,Action
3000000,16.900433,86,5.7,211,2011,Action
3000000,1.569246,101,5.2,17,2016,Action
3000000,4.682881,110,6.5,95,1996,Comedy
0,1.128559,87,5.8,12,2006,Action
3000000,12.68672,123,6.9,250,2009,Drama
0,3.750338,99,5.6,67,2012,Comedy
3000000,20.95282,87,5.3,444,2012,Comedy
0,0.18094,120,3.7,3,2004,Drama
0,1.75311,94,5.2,34,2012,Comedy
2700000,3.120747,98,6.7,59,2004,Comedy
0,0.384496,0,6.3,2,2014,Drama
3000000,0.431332,97,5.8,5,1999,Comedy
0,9.342465,88,6.1,15,2009,Drama
0,0.68822,80,3.0,5,2005,Comedy
0,0.194848,90,0.0,0,2010,Comedy
0,2.015525,96,5.4,32,2009,Drama
3000000,2.680629,85,5.2,18,2013,Action
0,12.036888,84,5.3,171,2014,Comedy
0,1.737032,80,2.9,28,2013,Comedy
3000000,9.249229,90,5.8,136,2011,Action
2500000,5.164423,92,7.1,95,1967,Action
3,0.008263,100,0.0,0,2009,Comedy
3200000,1.034844,95,6.1,5,2009,Action
0,1.975941,95,6.3,22,2010,Comedy
2900000,5.928937,113,7.6,126,1998,Drama
2900000,3.370225,136,7.3,25,1961,Comedy
0,5.485217,80,4.9,54,2015,Action
0,0.18887,105,6.8,3,2005,Comedy
3000000,3.077885,90,4.1,52,2015,Drama
2902660,1.35088,93,6.1,34,2011,Comedy
0,0.687656,89,4.3,12,2015,Action
8000000,6.39503,116,6.9,99,2005,Drama
2883848,39.30982,122,8.0,808,1959,Comedy
2800000,36.444894,106,7.7,854,1974,Comedy
2000000,15.351412,95,5.4,190,2007,Action
0,2.436019,144,7.6,44,2006,Comedy
0,0.93392,112,6.5,19,1997,Drama
0,1.776624,90,4.9,10,2008,Action
2686000,1.897263,109,6.0,30,1963,Comedy
0,0.144031,103,7.0,3,1996,Comedy
2627000,0.531444,120,6.0,8,1944,Drama
2600000,22.793929,93,7.2,609,1974,Comedy
2159280,13.265432,80,7.1,260,2013,Drama
0,11.552247,134,7.1,61,1987,Drama
0,1.73892,86,5.3,22,2006,Comedy
0,0.406645,99,7.4,13,2009,Action
2540800,36.556954,103,7.8,727,1952,Comedy
2500000,18.661541,86,5.4,516,2013,Comedy
0,14.885388,108,6.8,225,1996,Comedy
2500000,18.30961,98,6.3,264,1971,Action
2500000,6.82919,112,7.5,66,1963,Action
0,9.799357,74,7.1,95,2013,Comedy
2500000,10.363642,104,7.1,212,1991,Drama
2500000,30.583959,102,7.1,618,2004,Comedy
2500000,23.672571,105,7.7,959,1995,Drama
0,5.581743,107,6.7,22,1999,Comedy
0,2.487255,91,6.8,32,2004,Comedy
0,0.262135,102,5.2,15,2007,Drama
2500000,23.419061,85,6.8,450,2012,Comedy
0,7.958831,106,7.2,77,2003,Drama
2500000,25.722747,95,6.8,1048,2013,Comedy
0,9.774126,101,7.2,197,2008,Comedy
0,0.197469,90,7.0,3,2008,Drama
0,0.142255,100,7.0,1,2006,Drama
2500000,0.301884,100,7.1,7,2007,Drama
14000000,3.393648,106,6.1,50,2008,Comedy
2500000,4.624691,90,6.0,40,2008,Drama
2500000,12.204569,96,6.6,441,2010,Action
0,0.630226,89,5.0,15,2010,Comedy
2500000,4.270489,87,4.9,63,2015,Comedy
2400000,4.623059,120,7.0,11,1996,Drama
0,1.946715,101,4.8,21,2006,Drama
30000000,27.940093,84,6.3,664,2006,Comedy
2380000,8.395624,101,7.4,363,2006,Drama
2500000,8.248149,101,3.1,47,2012,Action
2361000,0.628051,101,7.0,4,1944,Comedy
2450000,0.500753,105,4.6,5,2011,Drama
0,0.376662,97,10.0,1,1998,Comedy
0,0.197264,91,4.7,6,2011,Drama
2000000,6.86302,90,6.7,93,1987,Comedy
0,0.015295,90,0.0,0,2014,Drama
0,2.371477,117,6.2,11,2007,Drama
0,2.470443,115,6.6,48,2015,Drama
2160000,0.1813,119,5.8,4,1945,Drama
2300000,2.713171,97,5.6,19,2015,Drama
0,0.258413,90,3.5,5,2005,Comedy
0,2.025701,90,5.4,12,2014,Comedy
0,2.659804,85,5.7,59,2007,Action
2100000,8.38717,172,7.6,143,1946,Drama
0,6.677093,113,6.7,125,2001,Drama
0,2.526356,89,7.0,51,2001,Comedy
2100000,0.039007,126,0.0,0,2015,Drama
0,0.47909,88,4.5,4,2010,Drama
0,0.803761,81,4.1,15,2015,Drama
2000000,41.298723,115,6.9,760,1963,Action
0,1.791331,96,5.3,39,1989,Action
2000000,10.664202,89,7.0,200,1973,Comedy
2000000,13.223111,88,6.6,215,1972,Comedy
2000000,22.139842,129,8.0,657,1962,Drama
2000000,37.117362,95,7.3,957,1981,Action
0,15.046612,102,7.2,242,1994,Action
2000000,15.557144,118,7.2,353,1999,Drama
2000000,34.938177,137,7.9,958,2006,Drama
1000000,5.961119,129,6.8,77,2011,Drama
2000000,17.639478,134,7.6,240,1961,Drama
2000000,1.867004,119,6.5,8,1940,Drama
8000000,13.944645,80,7.3,231,2003,Comedy
0,2.304552,89,6.6,24,1998,Comedy
0,7.792851,101,7.1,120,2003,Comedy
2700000,14.799323,80,7.6,718,2004,Drama
2000000,23.281616,154,7.6,521,2000,Drama
2000000,20.331593,100,6.7,339,2003,Drama
2000000,5.381536,118,6.8,47,1947,Drama
2000000,20.834883,100,6.8,565,2010,Drama
0,14.045887,106,7.6,138,2003,Action
2000000,0.483974,106,4.8,6,1938,Drama
0,9.719094,90,7.0,107,2005,Comedy
6000000,28.819424,96,6.3,658,2015,Drama
0,18.223139,116,7.2,298,1999,Drama
2000000,12.999023,120,6.3,197,2005,Action
2000000,6.728882,97,5.6,92,2015,Drama
2000000,1.95686,96,4.8,26,2002,Comedy
2000000,14.846001,101,6.3,140,2006,Comedy
2000000,14.08251,90,7.8,291,2008,Drama
2000000,18.224326,98,6.8,279,2015,Drama
0,4.749885,104,6.5,77,2010,Drama
0,1.096355,99,7.1,19,2000,Action
0,1.196943,96,5.6,13,1997,Comedy
2000000,3.125382,120,4.6,19,2010,Comedy
2000000,5.261065,104,6.3,86,1985,Action
0,6.337735,97,6.1,23,2005,Comedy
0,7.359286,94,5.2,210,2007,Comedy
2000000,1.892183,91,5.8,36,1998,Action
2000000,3.911445,90,7.1,52,2004,Comedy
3800000,2.559806,84.0,5.9,18,2009,Comedy
0,0.744406,96.0,6.3,10,1997,Comedy
13500000,5.16023,129.0,5.2,32,2015,Drama
0,0.046868,100.0,5.0,1,2005,Action
0,5.563068,94.0,5.5,143,2014,Comedy
0,1.161034,95.0,6.4,9,2009,Comedy
2000000,7.502934,97.0,5.9,88,1993,Comedy
0,5.350423,92.0,6.1,96,2005,Action
2000000,4.261509,96.0,6.3,41,2006,Drama
0,6.632891,86.0,5.3,124,2009,Comedy
0,1.717376,120.0,6.8,16,2008,Action
0,4.922397,99.0,6.9,18,2004,Drama
2000000,9.68793,98.0,5.2,84,2010,Drama
2000000,5.941852,82.0,6.7,165,1971,Comedy
0,0.361554,76.0,5.8,2,2007,Action
2300000,8.055084,87.0,7.2,102,1947,Drama
14000000,3.419685,97.0,5.6,37,2002,Action
2000000,5.100741,96.0,5.7,50,2012,Comedy
0,2.253589,87.0,6.7,45,2013,Comedy
0,0.209475,106.0,6.6,8,2013,Comedy
0,3.613577,107.0,5.3,36,2013,Comedy
7000000,4.50829,88.0,5.2,46,2013,Comedy
0,8.902102,99.0,6.1,24,1966,Comedy
0,1.002585,108.0,3.9,8,2011,Action
0,1.332804,90.0,4.2,35,2015,Comedy
2000000,2.00163,89.0,4.4,24,2015,Drama
19000000,6.463806,99.0,6.7,59,1986,Drama
0,1.980265,103,6.7,24,2003,Drama
1950000,3.696123,90,5.8,49,2015,Action
1987650,32.841229,94,6.6,827,2010,Drama
0,8.518866,97,7.4,443,2011,Comedy
0,4.892203,88,7.8,55,2013,Drama
0,4.665026,95,5.8,12,2006,Drama
0,1.294967,160,5.6,10,2013,Drama
0,3.068463,82,5.8,27,2015,Drama
1900000,1.367751,89,6.9,21,2015,Drama
1800000,14.838986,87,5.6,328,2010,Drama
0,1.950959,98,7.2,244,2009,Drama
1800000,14.884756,125,7.6,281,1951,Drama
1800000,41.996783,95,8.0,1442,1964,Comedy
1800000,2.179428,118,6.2,36,2002,Drama
1800000,12.471239,93,6.8,403,2012,Drama
1700000,13.315383,93,5.5,215,1973,Action
0,3.363321,109,5.6,9,2001,Drama
2000000,1.699101,109,5.3,14,2011,Drama
0,0.320387,155,6.7,5,2015,Comedy
0,0.692497,87,6.4,88,2011,Comedy
0,0.023436,93,5.5,12,1993,Comedy
0,0.749699,108,6.8,9,2003,Drama
0,0.225627,87,6.9,17,1952,Drama
0,0.060127,87,0.0,0,2016,Comedy
1800000,1.959405,86,4.2,22,2013,Action
1800000,0.21544,101,5.0,4,2012,Comedy
1530000,27.36562,81,7.2,664,1998,Action
500000,8.650779,93,6.3,152,2002,Drama
0,2.756435,106,7.0,28,2008,Drama
1700000,18.828683,88,6.1,236,1972,Action
1700000,6.979638,130,6.4,89,2001,Drama
1700000,2.079125,98,5.5,39,1999,Comedy
0,3.939753,86,6.0,59,2004,Drama
1000000,14.017809,104,7.3,221,2013,Drama
0,3.677831,100,5.9,7,2005,Drama
1644736,3.426314,126,7.2,79,1938,Comedy
1650000,6.915201,118,7.2,133,1953,Drama
0,2.160586,102,6.0,24,2013,Drama
0,0.796009,84,6.3,3,1999,Comedy
0,0.13456,0,4.3,4,2010,Drama
0,4.554574,96,6.8,52,2007,Comedy
0,1.49436,114,7.6,20,2006,Drama
1600000,20.810292,113,7.5,372,1974,Drama
0,3.654018,123,6.7,32,1969,Drama
0,3.313339,111,6.5,2,2003,Drama
2000000,9.67299,108,6.7,129,2007,Comedy
1500000,17.49699,92,6.6,363,1988,Action
1500000,12.2624,129,7.9,241,1939,Comedy
1500000,13.291991,91,6.8,279,1995,Drama
1500000,13.788054,81,6.9,226,2005,Comedy
1000000,3.990215,97,5.9,48,2001,Comedy
17000000,6.526588,90,4.5,99,2016,Action
1500000,11.145915,111,7.3,160,1945,Drama
0,5.446832,103,6.5,64,1994,Drama
1500000,10.009994,110,7.1,166,1998,Comedy
1500000,11.35344,92,6.7,144,1984,Comedy
1500000,8.589355,114,7.4,153,2000,Drama
1500000,3.618646,111,6.5,43,2005,Drama
1500000,15.017068,104,5.5,342,2013,Comedy
1500000,5.817519,96,6.1,111,1993,Action
1500000,9.856826,98,6.8,151,2001,Drama
0,4.262374,106,6.5,48,2008,Drama
0,0.06124,93,3.0,1,2015,Action
0,1.742383,80,5.7,12,2006,Comedy
0,0.414754,95,4.5,3,2011,Drama
0,12.677016,83,5.7,159,2006,Comedy
1,28.27648,87,8.1,856,1936,Comedy
0,0.87066,91,6.4,9,2002,Comedy
1500000,7.5591,86,5.9,107,2007,Comedy
1500000,2.02817,0,3.5,1,2005,Comedy
1500000,0.859014,97,6.6,8,2015,Comedy
1500000,0.071377,108,6.0,2,2005,Drama
1200000,0.193172,128,6.0,2,2010,Drama
2000000,1.20173,90,6.8,16,2008,Drama
1,0.094105,90,10.0,2,2015,Comedy
0,10.322858,109,6.5,358,2014,Comedy
1,0.077876,87,6.8,6,2005,Comedy
0,0.35819,98,6.0,1,2013,Comedy
9000000,9.159265,112,6.4,13,2013,Comedy
0,0.71087,102,7.4,7,2017,Comedy
0,1.105357,102,4.2,13,2015,Action
1500000,2.815228,90,3.3,52,2015,Drama
0,0.446858,93,7.5,6,2016,Action
1400000,0.684881,106,6.8,10,2004,Drama
1,1.452152,94,5.9,18,2004,Comedy
2000000,1.193219,101,5.3,6,2016,Drama
0,2.486992,75,6.2,32,2014,Drama
1377800,9.815394,105,6.1,203,1966,Comedy
1350000,16.032594,105,7.5,1648,1998,Comedy
1300000,10.240917,105,7.7,207,1998,Drama
0,3.443916,95,6.7,51,1996,Comedy
1300000,0.072066,135,5.0,1,2006,Drama
0,0.430758,105,6.5,6,2000,Drama
0,0.143784,79,6.1,30,2012,Comedy
0,0.077873,135,0.0,0,2014,Action
1000000,1.600797,85,5.9,18,2003,Action
0,0.285131,122,2.3,4,2005,Comedy
0,5.628399,82,3.2,34,2010,Comedy
0,5.065752,103,5.0,66,2009,Drama
1288000,18.426825,130,7.7,336,1940,Drama
1250000,6.903314,101,7.4,112,1945,Drama
0,0.106949,100,5.9,10,2013,Drama
15000000,0.165909,87,5.8,2,2011,Comedy
1250000,9.903992,92,6.7,79,1953,Drama
1250000,7.70019,118,6.8,72,1941,Drama
0,4.480579,123,4.1,13,2014,Comedy
1200000,10.869492,100,6.7,185,1989,Drama
3000000,16.312803,100,6.6,362,2001,Comedy
1300000,1.473405,87,5.7,17,2013,Comedy
0,8.109958,114,6.8,57,2001,Comedy
0,7.142448,111,6.8,88,2000,Drama
1200000,6.920873,99,6.9,149,1955,Comedy
0,4.826908,85,6.5,101,1999,Comedy
1200000,3.085411,114,6.3,24,2013,Drama
0,1.280733,88,6.4,8,1940,Drama
0,9.683622,110,7.8,165,2015,Drama
1250000,1.6116,106,5.8,25,2012,Comedy
0,0.002386,88,0.0,0,2003,Comedy
1200000,0.047781,85,0.0,0,2007,Comedy
1344000,20.422246,103,4.1,140,2011,Drama
0,0.021678,98,0.0,0,2013,Comedy
0,1.998557,88,6.0,11,2003,Comedy
0,8.148187,88,3.9,44,2008,Comedy
1200000,2.968235,115,6.8,18,1936,Action
2600000,8.001156,91,6.1,20,1993,Action
1200000,1.079125,97,6.7,13,1970,Action
3000000,10.230583,94,6.2,237,2005,Comedy
0,12.818441,90,7.2,151,2004,Drama
1100000,1.220072,99,6.8,15,1987,Comedy
0,0.147886,97,6.0,9,2006,Drama
1100000,40.285095,101,7.3,1055,2011,Action
0,0.249457,90,3.1,6,2010,Action
878000,43.729123,102,7.9,1422,1942,Drama
1250000,3.000435,156,7.0,27,2009,Comedy
1000000,11.095414,89,6.3,177,1972,Drama
1000000,72.19808,119,7.5,1791,1976,Drama
0,0.926084,92,4.1,7,2014,Drama
1000000,2.833166,128,6.1,39,1963,Comedy
1300000,58.845025,114,8.0,2535,1976,Drama
1000000,6.532855,91,6.4,161,1981,Drama
950000,48.901542,110,6.9,940,1962,Action
5000000,6.96858,121,5.7,72,2016,Drama
1000000,3.322721,107,5.9,43,1999,Action
3500000,26.881611,112,6.9,890,2010,Drama
1000000,9.773398,103,6.9,144,2005,Drama
2090000,4.289003,109,6.6,53,1970,Comedy
1000000,1.444258,89,5.5,21,1956,Action
1000000,3.851,100,6.2,33,1949,Action
5000000,17.845161,100,5.0,349,2014,Action
0,0.42583,109,7.5,12,2016,Drama
1000000,9.115486,98,6.6,179,2012,Comedy
0,1.86221,107,6.8,35,2011,Drama
0,1.334481,96,6.0,20,1998,Comedy
0,15.699363,90,6.7,292,2014,Drama
0,17.806082,101,6.7,277,2011,Drama
0,10.12895,83,6.7,187,2014,Comedy
0,4.805651,97,6.7,99,2008,Drama
1000000,4.86805,84,5.4,24,1997,Drama
0,0.367312,86,6.6,7,1996,Comedy
1000000,3.424158,94,6.3,25,2000,Comedy
1000000,9.954848,92,6.7,191,2002,Comedy
1,0.29245,100,6.7,7,1998,Drama
1000000,0.280083,119,7.3,4,2001,Drama
1000000,0.043023,170,6.1,7,2000,Drama
1000000,5.06516,94,6.2,115,1997,Comedy
0,3.65924,108,5.9,30,2003,Drama
0,0.948316,97,7.7,10,1997,Comedy
1000000,0.672695,92,6.7,13,2002,Drama
0,16.570708,100,6.4,348,2014,Drama
0,0.51799,120,6.8,27,2009,Drama
0,8.542921,88,6.7,160,2006,Comedy
0,37.555398,106,7.5,1063,2014,Drama
1000000,5.20209,79,5.6,17,2003,Comedy
0,0.030253,120,2.8,3,2004,Drama
1000000,1.883947,92,7.2,29,2013,Drama
1000000,0.341461,114,4.7,5,2012,Action
0,6.507094,93,6.2,135,2010,Comedy
0,1.190729,88,6.3,16,1998,Comedy
1000000,0.340019,104,5.2,7,1999,Drama
0,0.678475,98,6.0,3,1998,Comedy
0,9.055447,82,5.5,11,2000,Action
0,0.108468,118,4.4,5,2009,Comedy
1000000,2.175696,78,6.2,20,2006,Drama
1000000,1.50211,97,5.4,25,2016,Drama
1000000,1.260314,81,6.6,32,2006,Drama
0,0.0206,97,4.8,2,2005,Action
0,0.429587,88,3.3,9,2006,Action
0,0.098351,96,8.0,1,2002,Comedy
1000000,3.629777,105,6.2,32,2013,Drama
0,0.060003,0,8.0,1,2015,Comedy
900000,7.145832,76,6.4,55,2006,Drama
1000000,3.638411,96,4.9,23,2014,Comedy
0,1.255771,99,5.4,8,2006,Action
0,0.783842,84,3.5,4,2009,Comedy
0,0.118324,94,6.1,6,1965,Drama
0,0.023681,87,5.5,3,2004,Drama
0,2.948576,93,6.1,47,2008,Drama
0,1.233688,96,7.6,26,2014,Drama
1000000,0.153625,90,5.7,3,2011,Comedy
0,0.328498,85,5.0,4,2009,Comedy
0,1.284741,94,5.3,3,2006,Drama
1000000,0.973323,90,6.6,8,2014,Drama
0,3.418372,93,3.5,34,2013,Action
0,0.65434,90,4.1,7,2014,Drama
950000,0.178689,103,6.6,28,1968,Drama
950000,8.976128,100,5.5,155,2014,Drama
0,0.280829,90,5.0,1,2007,Comedy
910000,16.015599,108,8.0,357,1954,Drama
930000,5.974156,100,5.3,66,2011,Comedy
852510,9.270133,113,7.3,156,2007,Drama
950000,25.918007,103,6.8,701,2005,Drama
900000,4.0971,96,6.1,73,2005,Drama
0,2.34239,107,7.4,23,2011,Drama
0,20.967146,85,7.3,390,2013,Drama
0,10.639774,100,5.8,160,2012,Comedy
858000,47.651878,70,6.8,1405,1942,Drama
0,0.957022,88,6.5,15,2007,Comedy
850000,5.424916,107,6.7,56,2003,Comedy
0,0.007254,78,0.0,0,2011,Drama
1000000,0.175885,90,5.0,1,2013,Drama
850000,14.238376,85,5.8,110,2012,Comedy
0,9.436431,91,6.4,163,2012,Comedy
0,0.339757,95,5.2,9,2002,Comedy
0,3.060685,85,6.5,34,2006,Drama
0,5.023091,86,5.0,62,2015,Action
800000,12.049373,123,7.7,469,2011,Drama
0,0.108135,93,7.0,1,2009,Comedy
0,5.870319,88,6.9,103,1995,Comedy
800000,0.59424,114,5.6,10,1993,Drama
800000,3.643662,88,7.8,13,2002,Drama
0,1.824184,109,7.6,45,1929,Drama
0,0.038706,83,7.8,3,2004,Drama
0,2.171288,101,6.1,7,2000,Action
800000,5.292536,94,7.3,23,2003,Drama
0,0.004922,87,0.0,0,2000,Drama
0,1.186971,90,3.7,25,2014,Comedy
800000,11.205726,91,6.1,311,2009,Comedy
780000,6.003418,90,6.6,98,2003,Action
777000,19.326115,110,6.9,324,1973,Comedy
0,1.453146,86,6.5,35,2007,Comedy
750000,25.186002,85,6.8,556,2012,Comedy
0,5.498834,89,7.7,43,2011,Comedy
750000,8.429295,107,7.6,127,1970,Drama
500000,0.471264,88,5.6,5,2002,Drama
0,3.283886,99,4.5,52,2008,Drama
700000,7.731064,97,6.7,31,2001,Drama
0,2.868942,104,6.5,31,2015,Drama
0,0.631571,84,5.5,7,2009,Drama
700000,12.378031,107,6.5,240,2006,Drama
700000,0.578798,107,0.0,0,1999,Drama
0,0.003142,92,0.0,0,1997,Action
750000,1.471139,80,5.2,16,2016,Drama
625000,0.283059,68,4.8,5,2013,Drama
700000,2.659006,87,5.3,26,2015,Comedy
609000,3.898498,101,7.4,59,1935,Comedy
600000,10.861167,83,6.4,66,1977,Comedy
0,0.099902,106,5.5,2,2000,Action
0,0.069277,90,6.0,2,1998,Drama
0,0.350557,0,3.0,1,2014,Drama
0,2.651304,102,6.0,63,2016,Comedy
560000,10.730056,88,7.3,168,1964,Comedy
550000,0.001586,98,4.6,4,1983,Drama
0,0.061248,83,6.0,1,2015,Comedy
500000,6.093989,122,7.0,100,2008,Drama
550000,0.48088,115,4.2,3,2013,Drama
130000,15.611857,79,5.4,315,2004,Drama
0,1.292948,87,5.8,22,2012,Comedy
500000,11.578545,88,7.4,210,2003,Comedy
0,0.05021,120,6.2,21,2009,Drama
0,0.920591,102,7.5,4,2002,Comedy
46000,1.447734,83,6.3,32,2003,Drama
0,1.09454,86,5.6,6,2000,Drama
0,0.082978,101,4.8,4,2003,Comedy
0,0.619136,111,7.0,11,1999,Drama
500000,8.519202,90,6.9,106,2004,Drama
0,0.36447,86,4.8,4,1997,Drama
0,0.039077,98,4.0,3,2002,Comedy
0,0.665512,95,5.3,4,2003,Drama
0,3.433625,91,6.4,26,2005,Comedy
0,17.378455,90,6.0,356,2013,Drama
2000000,39.756748,207,8.2,878,1954,Action
500000,1.354816,97,4.7,13,1991,Comedy
0,0.459625,84,4.9,8,2007,Comedy
500000,9.108949,85,5.7,251,2010,Comedy
0,1.65426,100,4.2,11,2007,Comedy
0,1.390909,112,6.2,9,2002,Drama
500000,26.406001,94,6.2,587,2010,Drama
0,0.218736,91,4.0,1,2005,Comedy
0,0.383442,91,5.0,1,2007,Comedy
500000,2.391847,87,4.5,34,2012,Comedy
0,1.68502,98,6.9,22,2006,Action
500000,0.046903,87,5.0,2,2001,Drama
0,10.924273,104,5.9,208,2015,Action
0,14.142073,103,7.3,371,2012,Drama
500000,1.600171,104,3.5,14,2012,Comedy
0,0.397323,110,3.4,4,2015,Action
500,0.080105,101,0.0,0,2012,Drama
0,0.251828,94,5.2,3,2016,Action
0,0.072359,90,0.0,0,2014,Comedy
0,6.672008,82,6.3,113,1984,Action
0,0.161517,0,4.3,4,1991,Drama
0,7.330691,107,7.2,53,2002,Action
450000,4.442355,84,6.2,38,2006,Drama
0,3.905877,103,5.9,41,2006,Comedy
439000,1.933366,89,6.1,37,1933,Comedy
225000,1.014966,98,7.0,38,1990,Comedy
0,4.321249,132,6.9,42,2004,Comedy
0,0.160234,90,4.2,5,2013,Drama
400000,23.603514,95,6.7,554,2004,Comedy
400000,64.782984,91,7.8,1708,1975,Comedy
0,0.034135,90,7.0,7,2006,Drama
218,1.063439,91,7.5,22,2003,Drama
0,0.133619,0,5.0,2,2014,Comedy
35000000,38.100488,99,5.8,923,2008,Comedy
860000,3.703005,97,6.6,51,1985,Comedy
0,0.003352,84,0.0,0,2002,Drama
0,0.231297,97,5.6,4,2004,Drama
0,11.347855,91,7.8,115,1972,Drama
385907,3.232447,197,7.4,60,1916,Drama
379000,0.968865,100,5.0,19,1929,Drama
0,5.061107,90,4.9,49,1987,Action
350000,59.259204,96,8.2,2078,1957,Drama
0,1.170257,83,7.6,9,2009,Comedy
325000,11.871424,105,7.7,275,1934,Comedy
0,28.858238,94,6.9,332,2009,Drama
312000,1.505703,102,6.2,11,1999,Comedy
0,1.410387,91,6.1,16,1996,Comedy
300000,4.270596,81,6.4,64,2003,Comedy
300000,1.673208,73,6.3,36,2006,Drama
200000,0.713906,80,6.4,64,2008,Drama
0,0.17817,88,4.8,4,2010,Drama
300000,7.791898,110,7.6,127,1965,Drama
0,0.008453,95,7.0,2,1964,Drama
300000,0.374291,94,3.0,1,1998,Drama
0,0.045429,0,5.3,4,2005,Action
0,1.088501,90,2.8,6,2009,Action
300000,6.473667,80,5.9,124,1975,Action
0,1.905197,90,6.8,3,2014,Drama
300000,0.006323,98,0.0,0,2010,Comedy
0,0.583446,99,6.2,11,2015,Drama
300000,2.733725,97,5.7,45,2011,Comedy
0,8.942203,90,6.3,221,2012,Drama
250000,20.601483,113,6.7,433,1997,Comedy
250000,1.45917,91,6.3,23,2001,Comedy
0,3.877036,101,6.5,27,2002,Drama
0,1.70819,94,5.7,13,1995,Comedy
0,0.812855,96,5.7,16,2000,Comedy
250000,0.126304,100,5.0,4,2001,Comedy
300000,0.018087,90,0.0,0,2014,Action
0,0.619348,78,5.8,9,1996,Comedy
250,0.293649,72,7.5,12,1998,Comedy
0,5.742359,73,4.9,11,2004,Drama
250000,21.825564,90,6.4,381,2011,Drama
0,0.375423,92,5.5,2,1999,Comedy
0,0.120505,75,7.0,3,2005,Comedy
250000,6.978907,99,4.1,75,2013,Drama
0,0.493223,86,5.9,6,2004,Drama
0,5.251143,92,6.9,57,2007,Drama
250000,0.130169,90,4.8,3,1997,Drama
0,0.399491,94,0.0,0,2010,Drama
250000,5.217002,106,6.4,101,2009,Action
250000,0.065103,96,5.7,7,2010,Drama
0,1.063615,107,5.0,12,1982,Drama
0,0.172299,108,5.5,2,2015,Drama
245000,0.785744,151,7.0,21,1925,Drama
0,0.0921,0,10.0,1,2006,Comedy
250,0.166655,118,7.7,3,2013,Comedy
230000,18.450613,92,6.9,733,2008,Action
0,0.065155,103,5.2,10,2000,Drama
100000,1.183892,69,4.3,5,1969,Comedy
400000,33.142185,93,6.6,1213,1979,Action
200000,13.971674,94,6.8,253,1996,Comedy
200000,0.622752,66,5.1,27,1933,Comedy
200000,0.616283,101,6.5,10,2011,Drama
0,2.836537,101,6.6,7,2012,Drama
0,5.937602,119,6.3,31,2010,Comedy
200000,0.06104,103,8.0,2,2002,Drama
0,3.299345,84,5.8,23,2008,Comedy
0,3.225189,126,7.8,65,1955,Drama
0,1.948435,86,6.1,34,2008,Comedy
0,31.339015,87,7.7,687,2007,Drama
0,4.980585,86,4.6,9,2004,Drama
0,0.145014,89,6.0,4,2008,Drama
0,0.036532,105,0.0,0,2015,Comedy
0,1.045623,93,6.5,4,2014,Drama
0,0.254659,94,0.0,0,2014,Drama
180000,7.072118,89,7.8,112,1997,Comedy
8000,1.041254,96,7.4,163,2011,Drama
0,6.722213,84,6.1,25,1986,Comedy
0,0.327622,104,0.0,0,2015,Drama
100000,25.402697,92,6.8,527,2011,Drama
150000,0.132878,97,4.6,18,1971,Action
200,0.050978,109,5.0,1,2014,Drama
150000,8.570328,78,5.5,19,2002,Comedy
160000,19.052179,85,7.3,453,2007,Drama
0,0.619979,90,4.9,4,1999,Drama
0,2.805351,86,5.8,49,2012,Drama
0,0.076647,98,0.0,0,2015,Action
0,8.701183,25,7.5,153,1965,Comedy
0,6.192383,85,6.3,108,2011,Drama
125000,12.833247,90,6.5,137,2011,Comedy
120000,2.213889,88,5.9,24,2007,Comedy
120000,1.112792,95,7.1,20,1964,Drama
8500000,9.452808,120,6.5,178,2016,Drama
0,0.002388,70,0.0,0,2003,Comedy
100000,4.563698,111,6.6,64,2006,Drama
10000,20.399578,89,7.5,485,1977,Drama
0,2.353483,78,5.7,19,1987,Comedy
0,5.497682,100,7.1,51,1998,Comedy
0,0.001117,99,4.9,8,1979,Action
0,1.680525,90,6.5,30,2001,Comedy
0,10.826253,85,6.3,155,2013,Comedy
0,0.053755,85,5.0,1,2013,Action
60000,27.788067,84,7.1,586,1998,Drama
0,0.020839,86,6.0,1,1997,Comedy
0,0.408073,87,3.7,3,1998,Comedy
65000,10.400603,100,6.6,506,2004,Comedy
0,0.838957,82,4.5,11,2011,Comedy
0,7.052422,82,5.2,58,2014,Comedy
0,0.176377,75,6.4,4,2014,Drama
0,0.620554,87,6.7,10,2012,Comedy
0,1.578903,98,6.3,23,1995,Comedy
0,0.833937,83,6.0,42,2013,Drama
0,0.557602,99,6.0,2,1983,Drama
65000,2.380332,99,5.6,59,2010,Comedy
0,0.077577,110,5.0,1,2006,Comedy
0,0.76368,83,6.6,4,2013,Drama
0,0.970351,96,6.8,2,2013,Comedy
0,2.058834,89,6.4,36,2000,Drama
0,0.00734,90,7.0,1,1999,Comedy
0,0.049469,95,2.0,1,2014,Drama
0,0.611081,80,6.4,15,2009,Drama
0,0.003582,78,0.0,0,2007,Action
500000,0.123068,109,6.1,8,2005,Comedy
31192,1.330379,89,6.3,26,2009,Action
27000,19.748658,92,7.4,755,1994,Comedy
27000,0.027811,64,6.0,9,1971,Drama
0,0.362633,85,6.3,8,2002,Comedy
0,2.634007,97,6.8,44,1997,Comedy
0,0.039264,78,5.5,2,2002,Drama
0,7.101197,85,6.0,131,2009,Action
0,3.320622,97,6.4,77,1990,Comedy
0,0.038143,90,0.0,0,2015,Drama
22000,0.048948,90,6.0,1,2013,Comedy
0,1.048524,120,6.8,19,2003,Drama
0,1.243955,85,6.2,15,2005,Comedy
0,0.327794,60,0.0,0,2014,Drama
0,0.67457,88,5.6,12,2009,Comedy
12000,4.553644,93,6.2,110,1972,Comedy
0,1.464566,111,6.7,17,2004,Drama
0,1.193779,90,6.6,17,2000,Drama
0,0.029757,90,6.0,2,2004,Drama
0,0.166513,82,0.0,0,2012,Comedy
0,0.918116,98,6.0,1,1995,Drama
7000,23.307949,77,6.9,658,2004,Drama
220000,14.269792,81,6.6,238,1992,Action
9000,0.642552,85,5.9,5,2011,Comedy
0,1.444476,120,7.0,6,2013,Comedy
